tipo_entidad,contexto,valor_xlsx,valor_bd,id_bd,filas_afectadas,confianza,accion,causa
MUNICIPIO,GLOBAL,ACACIAS,ACACÍAS,4,50,ALTA,ALIAS_SEGURO,DIFERENCIA_TILDE
MUNICIPIO,GLOBAL,PUERTO LOPEZ,PUERTO LÓPEZ,729,42,ALTA,ALIAS_SEGURO,DIFERENCIA_TILDE
MUNICIPIO,GLOBAL,PUERTO GAITAN,PUERTO GAITÁN,724,36,ALTA,ALIAS_SEGURO,DIFERENCIA_TILDE
MUNICIPIO,GLOBAL,SAN MARTIN,SAN MARTÍN,867,31,ALTA,ALIAS_SEGURO,DIFERENCIA_TILDE
MUNICIPIO,GLOBAL,LEJANIAS,LEJANÍAS,510,22,ALTA,ALIAS_SEGURO,DIFERENCIA_TILDE
INSTITUCION,LA MACARENA,IE NUESTRA SEÑORA DE LA MACARENA,INSTITUCIÓN EDUCATIVA NUESTRA SENORA DE LA MACARENA,44,21,ALTA,ALIAS_SEGURO,ALIAS_CONOCIDO
MUNICIPIO,GLOBAL,MAPIRIPAN,MAPIRIPÁN,547,18,ALTA,ALIAS_SEGURO,DIFERENCIA_TILDE
INSTITUCION,GRANADA,INSTITUCION EDUCATIVA CAMILO TORRES,INSTITUCIÓN EDUCATIVA CAMILO TORRES,30,16,ALTA,ALIAS_SEGURO,ALIAS_CONOCIDO
INSTITUCION,SAN MARTÍN,INSTITUCION EDUCATIVA IRACA,INSTITUCIÓN EDUCATIVA IRACA,101,13,ALTA,ALIAS_SEGURO,ALIAS_CONOCIDO
INSTITUCION,LA MACARENA,INSTITUCION EDUCATIVA SANTA TERESA,INSTITUCIÓN EDUCATIVA SANTA TERESA,47,13,ALTA,ALIAS_SEGURO,ALIAS_CONOCIDO
SEDE,SAN MARTÍN | INSTITUCIÓN EDUCATIVA IRACA,SEDE PRINCIPAL IRACA,SEDE PRINCIPAL IRACA,499,13,ALTA,ALIAS_SEGURO,ALIAS_CONOCIDO
INSTITUCION,GRANADA,INSTITUCION EDUCATIVA BRISAS DE IRIQUE,INSTITUCIÓN EDUCATIVA BRISAS DE IRIQUE,29,12,ALTA,ALIAS_SEGURO,ALIAS_CONOCIDO
INSTITUCION,ACACÍAS,INSTITUCION EDUCATIVA JUAN ROZO,INSTITUCIÓN EDUCATIVA JUAN ROZO,3,12,ALTA,ALIAS_SEGURO,ALIAS_CONOCIDO
INSTITUCION,PUERTO RICO,IE ALICIO AMADOR ELVIRA,INSTITUCIÓN EDUCATIVA ALICIO AMADOR ELVIRA,85,11,ALTA,ALIAS_SEGURO,ALIAS_CONOCIDO
INSTITUCION,LEJANÍAS,INSTITUCION EDUCATIVA DE LEJANIAS,INSTITUCIÓN EDUCATIVA DE LEJANIAS,49,10,ALTA,ALIAS_SEGURO,ALIAS_CONOCIDO
INSTITUCION,EL CASTILLO,INSTITUCION EDUCATIVA OVIDIO DECROLY,INSTITUCIÓN EDUCATIVA OVIDIO DECROLY,23,10,ALTA,ALIAS_SEGURO,ALIAS_CONOCIDO
INSTITUCION,ACACÍAS,INSTITUCION EDUCATIVA SAN ISIDRO DE CHICHIMENE,INSTITUCIÓN EDUCATIVA SAN ISIDRO DE CHICHIMENE,6,10,ALTA,ALIAS_SEGURO,ALIAS_CONOCIDO
INSTITUCION,PUERTO CONCORDIA,INSTITUCION EDUCATIVA VALENTIN APARICIO PERSONA,INSTITUCIÓN EDUCATIVA VALENTIN APARICIO PERSONA,64,10,ALTA,ALIAS_SEGURO,ALIAS_CONOCIDO
SEDE,LA MACARENA | INSTITUCIÓN EDUCATIVA NUESTRA SENORA DE LA MACARENA,SEDE PRINCIPAL NUESTRA SEÑORA DE LA MACARENA,SEDE PRINCIPAL NUESTRA SENORA DE LA MACARENA,200,10,ALTA,ALIAS_SEGURO,ALIAS_CONOCIDO
INSTITUCION,PUERTO GAITÁN,CENTRO EDUCATIVO HORIZONTES,INSTITUCIÓN EDUCATIVA HORIZONTES,65,9,ALTA,ALIAS_SEGURO,PREFIJO_IE
INSTITUCION,SAN MARTÍN,IE INTEGRADO DE SAN MARTIN,INSTITUCIÓN EDUCATIVA INTEGRADO DE SAN MARTIN,100,9,ALTA,ALIAS_SEGURO,ALIAS_CONOCIDO
INSTITUCION,GRANADA,INSTITUCION EDUCATIVA AGRICOLA LA HOLANDA,INSTITUCIÓN EDUCATIVA AGRICOLA LA HOLANDA,28,9,ALTA,ALIAS_SEGURO,ALIAS_CONOCIDO
INSTITUCION,CUMARAL,INSTITUCION EDUCATIVA JOSE ANTONIO GALAN,INSTITUCIÓN EDUCATIVA JOSE ANTONIO GALAN,17,9,ALTA,ALIAS_SEGURO,ALIAS_CONOCIDO
INSTITUCION,VISTAHERMOSA,INSTITUCION EDUCATIVA LOS CENTAUROS,INSTITUCIÓN EDUCATIVA LOS CENTAUROS,107,9,ALTA,ALIAS_SEGURO,ALIAS_CONOCIDO
INSTITUCION,PUERTO GAITÁN,INSTITUCION EDUCATIVA RUBIALES,INSTITUCIÓN EDUCATIVA RUBIALES,67,9,ALTA,ALIAS_SEGURO,ALIAS_CONOCIDO
INSTITUCION,FUENTE DE ORO,INSTITUCION EDUCATIVA SAN ANTONIO DEL ARIARI,INSTITUCIÓN EDUCATIVA SAN ANTONIO DEL ARIARI,27,9,ALTA,ALIAS_SEGURO,ALIAS_CONOCIDO
INSTITUCION,CUMARAL,INSTITUCION EDUCATIVA SAN ISIDRO DE VERACRUZ,INSTITUCIÓN EDUCATIVA SAN ISIDRO DE VERACRUZ,18,9,ALTA,ALIAS_SEGURO,ALIAS_CONOCIDO
SEDE,GRANADA | INSTITUCIÓN EDUCATIVA AGRICOLA LA HOLANDA,SEDE PRINCIPAL AGRICOLA LA HOLANDA,SEDE PRINCIPAL AGRICOLA LA HOLANDA,89,9,ALTA,ALIAS_SEGURO,ALIAS_CONOCIDO
SEDE,GRANADA | INSTITUCIÓN EDUCATIVA BRISAS DE IRIQUE,SEDE PRINCIPAL CANDELARIA AVENDAÑO,SEDE PRINCIPAL CANDELARIA AVENDANO,91,9,ALTA,ALIAS_SEGURO,ALIAS_CONOCIDO
SEDE,FUENTE DE ORO | INSTITUCIÓN EDUCATIVA SAN ANTONIO DEL ARIARI,SEDE PRINCIPAL SAN ANTONIO DEL ARIARI,SEDE PRINCIPAL SAN ANTONIO DEL ARIARI,88,9,ALTA,ALIAS_SEGURO,ALIAS_CONOCIDO
INSTITUCION,FUENTE DE ORO,INSTITUCION EDUCATIVA ANTONIO NARIÑO,INSTITUCIÓN EDUCATIVA ANTONIO NARINO,25,8,ALTA,ALIAS_SEGURO,ALIAS_CONOCIDO
INSTITUCION,GRANADA,INSTITUCION EDUCATIVA GENERAL SANTANDER,INSTITUCIÓN EDUCATIVA GENERAL SANTANDER,33,8,ALTA,ALIAS_SEGURO,ALIAS_CONOCIDO
INSTITUCION,LA MACARENA,INSTITUCION EDUCATIVA HECTOR IVAN HERNANDEZ,INSTITUCIÓN EDUCATIVA HECTOR IVAN HERNANDEZ,45,8,ALTA,ALIAS_SEGURO,ALIAS_CONOCIDO
INSTITUCION,PUERTO CONCORDIA,INSTITUCION EDUCATIVA NUEVA ESPERANZA,INSTITUCIÓN EDUCATIVA NUEVA ESPERANZA,62,8,ALTA,ALIAS_SEGURO,ALIAS_CONOCIDO
INSTITUCION,VISTAHERMOSA,INSTITUCION EDUCATIVA RAMÓN ARROYAVE,INSTITUCIÓN EDUCATIVA RAMON ARROYAVE,109,8,ALTA,ALIAS_SEGURO,ALIAS_CONOCIDO
INSTITUCION,SAN JUAN DE ARAMA,INSTITUCION EDUCATIVA SAN JUAN DE ARAMA,INSTITUCIÓN EDUCATIVA SAN JUAN DE ARAMA,95,8,ALTA,ALIAS_SEGURO,ALIAS_CONOCIDO
INSTITUCION,MAPIRIPÁN,INSTITUCION EDUCATIVAJORGE ELIECER GAITAN,INSTITUCIÓN EDUCATIVA JORGE ELIECER GAITAN,54,8,ALTA,ALIAS_SEGURO,PREFIJO_IE
INSTITUCION,LA MACARENA,CENTRO EDUCATIVO LAS BRISAS,CENTRO EDUCATIVO LAS BRISAS,42,7,ALTA,ALIAS_SEGURO,ALIAS_CONOCIDO
INSTITUCION,CUMARAL,INSTITUCION EDUCATIVA AGRICOLA DE GUACAVIA,INSTITUCIÓN EDUCATIVA AGRICOLA DE GUACAVIA,16,7,ALTA,ALIAS_SEGURO,ALIAS_CONOCIDO
INSTITUCION,CABUYARO,INSTITUCION EDUCATIVA CABUYARO,INSTITUCIÓN EDUCATIVA CABUYARO,12,7,ALTA,ALIAS_SEGURO,ALIAS_CONOCIDO
INSTITUCION,MAPIRIPÁN,INSTITUCION EDUCATIVA DIVINO NIÑO JESUS,CENTRO EDUCATIVO DIVINO NINO JESUS,53,7,ALTA,ALIAS_SEGURO,PREFIJO_IE
INSTITUCION,LEJANÍAS,INSTITUCION EDUCATIVA GABRIELA MISTRAL,INSTITUCIÓN EDUCATIVA GABRIELA MISTRAL,50,7,ALTA,ALIAS_SEGURO,ALIAS_CONOCIDO
INSTITUCION,PUERTO LLERAS,INSTITUCION EDUCATIVA MAJESTUOSO ARIARI INEMA,INSTITUCIÓN EDUCATIVA MAJESTUOSO ARIARI INEMA,71,7,ALTA,ALIAS_SEGURO,ALIAS_CONOCIDO
INSTITUCION,SAN JUAN DE ARAMA,INSTITUCION EDUCATIVA MANACAL,INSTITUCIÓN EDUCATIVA MANACAL,94,7,ALTA,ALIAS_SEGURO,ALIAS_CONOCIDO
INSTITUCION,VISTAHERMOSA,INSTITUCION EDUCATIVA PEDRO NEL JIMENEZ OBANDO,INSTITUCIÓN EDUCATIVA PEDRO NEL JIMENEZ OBANDO,108,7,ALTA,ALIAS_SEGURO,ALIAS_CONOCIDO
INSTITUCION,URIBE,INSTITUCION EDUCATIVA RAFAEL URIBE URIBE,INSTITUCIÓN EDUCATIVA RAFAEL URIBE URIBE,105,7,ALTA,ALIAS_SEGURO,ALIAS_CONOCIDO
INSTITUCION,GRANADA,INSTITUCION EDUCATIVA SANTA MARIA MAZZARELLO,INSTITUCIÓN EDUCATIVA SANTA MARIA MAZZARELLO,36,7,ALTA,ALIAS_SEGURO,ALIAS_CONOCIDO
INSTITUCION,CUMARAL,INSTITUCION EDUCATIVA TENIENTE CRUZ PAREDES,INSTITUCIÓN EDUCATIVA TENIENTE CRUZ PAREDES,19,7,ALTA,ALIAS_SEGURO,ALIAS_CONOCIDO
INSTITUCION,PUERTO LÓPEZ,INSTITUCION EDUCATIVA YAALIAKEISY,INSTITUCIÓN EDUCATIVA YAALIAKEISY,81,7,ALTA,ALIAS_SEGURO,ALIAS_CONOCIDO
SEDE,CUMARAL | INSTITUCIÓN EDUCATIVA AGRICOLA DE GUACAVIA,SEDE PRINCIPAL AGRICOLA DE GUACAVIA,SEDE PRINCIPAL AGRICOLA DE GUACAVIA,46,7,ALTA,ALIAS_SEGURO,ALIAS_CONOCIDO
SEDE,CABUYARO | INSTITUCIÓN EDUCATIVA CABUYARO,SEDE PRINCIPAL CABUYARO,SEDE PRINCIPAL CABUYARO,33,7,ALTA,ALIAS_SEGURO,ALIAS_CONOCIDO
SEDE,EL CASTILLO | INSTITUCIÓN EDUCATIVA OVIDIO DECROLY,SEDE PRINCIPAL OVIDIO DECROLY,SEDE PRINCIPAL OVIDIO DECROLY,67,7,ALTA,ALIAS_SEGURO,ALIAS_CONOCIDO
SEDE,ACACÍAS | INSTITUCIÓN EDUCATIVA SAN ISIDRO DE CHICHIMENE,SEDE PRINCIPAL SAN ISIDRO DE CHICHIMENE,SEDE PRINCIPAL SAN ISIDRO DE CHICHIMENE,18,7,ALTA,ALIAS_SEGURO,ALIAS_CONOCIDO
SEDE,CUMARAL | INSTITUCIÓN EDUCATIVA SAN ISIDRO DE VERACRUZ,SEDE PRINCIPAL SAN ISIDRO DE VERACRUZ,SEDE PRINCIPAL SAN ISIDRO DE VERACRUZ,51,7,ALTA,ALIAS_SEGURO,ALIAS_CONOCIDO
SEDE,GRANADA | INSTITUCIÓN EDUCATIVA SANTA MARIA MAZZARELLO,SEDE PRINCIPAL SANTA MARIA MAZZARELLO,SEDE PRINCIPAL SANTA MARIA MAZZARELLO,119,7,ALTA,ALIAS_SEGURO,ALIAS_CONOCIDO
INSTITUCION,LA MACARENA,CENTRO EDUCATIVO LA CATALINA,CENTRO EDUCATIVO LA CATALINA,41,6,ALTA,ALIAS_SEGURO,ALIAS_CONOCIDO
INSTITUCION,RESTREPO,IE FRANCISCO TORRES LEON,INSTITUCIÓN EDUCATIVA FRANCISCO TORRES LEON,88,6,ALTA,ALIAS_SEGURO,ALIAS_CONOCIDO
INSTITUCION,ACACÍAS,IE PABLO EMILIO RIVEROS,INSTITUCIÓN EDUCATIVA PABLO EMILIO RIVEROS,7,6,ALTA,ALIAS_SEGURO,ALIAS_CONOCIDO
INSTITUCION,RESTREPO,INSTITUCION EDUCATIVA EMILIANO RESTREPO ECHAVARRIA,INSTITUCIÓN EDUCATIVA EMILIANO RESTREPO ECHAVARRIA,89,6,ALTA,ALIAS_SEGURO,ALIAS_CONOCIDO
INSTITUCION,MESETAS,INSTITUCION EDUCATIVA JARDIN DE LAS PEÑAS,INSTITUCIÓN EDUCATIVA JARDIN DE LAS PENAS,57,6,ALTA,ALIAS_SEGURO,ALIAS_CONOCIDO
INSTITUCION,ACACÍAS,INSTITUCION EDUCATIVA JUAN HUMBERTO BAQUERO SOLER,INSTITUCIÓN EDUCATIVA JUAN HUMBERTO BAQUERO SOLER,8,6,ALTA,ALIAS_SEGURO,ALIAS_CONOCIDO
INSTITUCION,MESETAS,INSTITUCION EDUCATIVA LOS FUNDADORES,INSTITUCIÓN EDUCATIVA LOS FUNDADORES,58,6,ALTA,ALIAS_SEGURO,ALIAS_CONOCIDO
INSTITUCION,SAN MARTÍN,INSTITUCION EDUCATIVA MANUELA BELTRAN,INSTITUCIÓN EDUCATIVA MANUELA BELTRAN,102,6,ALTA,ALIAS_SEGURO,ALIAS_CONOCIDO
INSTITUCION,GRANADA,INSTITUCION EDUCATIVA VALENTIN GARCIA,INSTITUCIÓN EDUCATIVA VALENTIN GARCIA,37,6,ALTA,ALIAS_SEGURO,ALIAS_CONOCIDO
SEDE,SAN JUAN DE ARAMA | INSTITUCIÓN EDUCATIVA MANACAL,PRINCIPAL MANACAL,SEDE PRINCIPAL MANACAL,473,6,ALTA,ALIAS_SEGURO,PREFIJO_SEDE
SEDE,RESTREPO | INSTITUCIÓN EDUCATIVA FRANCISCO TORRES LEON,SEDE PRINCIPAL FRANCISCO TORRES LEON,SEDE PRINCIPAL FRANCISCO TORRES LEON,461,6,ALTA,ALIAS_SEGURO,ALIAS_CONOCIDO
SEDE,SAN CARLOS DE GUAROA | INSTITUCIÓN EDUCATIVA GABRIEL GARCIA MARQUEZ,SEDE PRINCIPAL GABRIEL GARCIA MARQUEZ,SEDE PRINCIPAL GABRIEL GARCIA MARQUEZ,464,6,ALTA,ALIAS_SEGURO,ALIAS_CONOCIDO
SEDE,LA MACARENA | INSTITUCIÓN EDUCATIVA HECTOR IVAN HERNANDEZ,SEDE PRINCIPAL HECTOR IVAN HERNANDEZ,SEDE PRINCIPAL HECTOR IVAN HERNANDEZ,210,6,ALTA,ALIAS_SEGURO,ALIAS_CONOCIDO
SEDE,PUERTO LLERAS | INSTITUCIÓN EDUCATIVA HECTOR JARAMILLO DUQUE,SEDE PRINCIPAL HECTOR JARAMILLO DUQUE,SEDE PRINCIPAL HECTOR JARAMILLO DUQUE,374,6,ALTA,ALIAS_SEGURO,ALIAS_CONOCIDO
SEDE,MESETAS | INSTITUCIÓN EDUCATIVA JARDIN DE LAS PENAS,SEDE PRINCIPAL JARDIN DE PEÑAS,SEDE PRINCIPAL JARDIN DE PENAS,315,6,ALTA,ALIAS_SEGURO,ALIAS_CONOCIDO
SEDE,MAPIRIPÁN | INSTITUCIÓN EDUCATIVA JORGE ELIECER GAITAN,SEDE PRINCIPAL JORGE ELIECER GAITAN,SEDE PRINCIPAL JORGE ELIECER GAITAN,279,6,ALTA,ALIAS_SEGURO,ALIAS_CONOCIDO
SEDE,VISTAHERMOSA | INSTITUCIÓN EDUCATIVA RAMON ARROYAVE,SEDE PRINCIPAL LA PALESTINA,SEDE PRINCIPAL LA PALESTINA,579,6,ALTA,ALIAS_SEGURO,ALIAS_CONOCIDO
SEDE,CUMARAL | INSTITUCIÓN EDUCATIVA TENIENTE CRUZ PAREDES,SEDE PRINCIPAL TENIENTE CRUZ PAREDES,SEDE PRINCIPAL TENIENTE CRUZ PAREDES,55,6,ALTA,ALIAS_SEGURO,ALIAS_CONOCIDO
INSTITUCION,PUERTO CONCORDIA,CENTRO EDUCATIVO LA VEGA,CENTRO EDUCATIVO LA VEGA,60,5,ALTA,ALIAS_SEGURO,ALIAS_CONOCIDO
INSTITUCION,PUERTO CONCORDIA,CENTRO EDUCATIVO MI LLANURA,CENTRO EDUCATIVO MI LLANURA,61,5,ALTA,ALIAS_SEGURO,ALIAS_CONOCIDO
INSTITUCION,PUERTO LÓPEZ,CENTRO EDUCATIVO NUESTRA SEÑORA DE FATIMA,CENTRO EDUCATIVO NUESTRA SENORA DE FATIMA,72,5,ALTA,ALIAS_SEGURO,ALIAS_CONOCIDO
INSTITUCION,MESETAS,CENTRO EDUCATIVO RIO GUEJAR,CENTRO EDUCATIVO RIO GUEJAR,56,5,ALTA,ALIAS_SEGURO,ALIAS_CONOCIDO
INSTITUCION,SAN CARLOS DE GUAROA,IE GABRIEL GARCIA MARQUEZ,INSTITUCIÓN EDUCATIVA GABRIEL GARCIA MARQUEZ,90,5,ALTA,ALIAS_SEGURO,ALIAS_CONOCIDO
INSTITUCION,PUERTO LLERAS,INSTITUCION EDUCATIVA CHARCO TRECE,INSTITUCIÓN EDUCATIVA CHARCO TRECE,70,5,ALTA,ALIAS_SEGURO,ALIAS_CONOCIDO
INSTITUCION,PUERTO LÓPEZ,INSTITUCION EDUCATIVA ENRIQUE OLAYA HERRERA,INSTITUCIÓN EDUCATIVA ENRIQUE OLAYA HERRERA,77,5,ALTA,ALIAS_SEGURO,ALIAS_CONOCIDO
INSTITUCION,ACACÍAS,INSTITUCION EDUCATIVA ESCUELA NORMAL SUPERIOR DE ACACIAS,INSTITUCIÓN EDUCATIVA ESCUELA NORMAL SUPERIOR DE ACACIAS,1,5,ALTA,ALIAS_SEGURO,ALIAS_CONOCIDO
INSTITUCION,ACACÍAS,INSTITUCION EDUCATIVA GABRIELA MISTRAL,INSTITUCIÓN EDUCATIVA GABRIELA MISTRAL,2,5,ALTA,ALIAS_SEGURO,ALIAS_CONOCIDO
INSTITUCION,GRANADA,INSTITUCION EDUCATIVA JOSE ANTONIO GALAN,INSTITUCIÓN EDUCATIVA JOSE ANTONIO GALAN,34,5,ALTA,ALIAS_SEGURO,ALIAS_CONOCIDO
INSTITUCION,PUERTO LÓPEZ,INSTITUCION EDUCATIVA RAFAEL URIBE URIBE,INSTITUCIÓN EDUCATIVA RAFAEL URIBE URIBE,79,5,ALTA,ALIAS_SEGURO,ALIAS_CONOCIDO
INSTITUCION,EL CALVARIO,INSTITUCION EDUCATIVA SIMON BOLIVAR,INSTITUCIÓN EDUCATIVA SIMON BOLIVAR,21,5,ALTA,ALIAS_SEGURO,ALIAS_CONOCIDO
SEDE,LA MACARENA | INSTITUCIÓN EDUCATIVA NUESTRA SENORA DE LA MACARENA,SEDE JHON F. KENNEDY,SEDE JHON F KENNEDY,199,5,ALTA,ALIAS_SEGURO,ALIAS_CONOCIDO
SEDE,CUMARAL | INSTITUCIÓN EDUCATIVA JOSE ANTONIO GALAN,SEDE JOSE MARIA CORDOBA,SEDE JOSE MARIA CORDOBA,47,5,ALTA,ALIAS_SEGURO,ALIAS_CONOCIDO
SEDE,PUERTO RICO | INSTITUCIÓN EDUCATIVA ALICIO AMADOR ELVIRA,SEDE PRINCIPAL ALICIO AMADOR ELVIRA,SEDE PRINCIPAL ALICIO AMADOR ELVIRA,443,5,ALTA,ALIAS_SEGURO,ALIAS_CONOCIDO
SEDE,FUENTE DE ORO | INSTITUCIÓN EDUCATIVA ANTONIO NARINO,SEDE PRINCIPAL ANTONIO NARIÑO,SEDE PRINCIPAL ANTONIO NARINO,78,5,ALTA,ALIAS_SEGURO,ALIAS_CONOCIDO
SEDE,LA MACARENA | INSTITUCIÓN EDUCATIVA EL RUBI,SEDE PRINCIPAL EL RUBI,SEDE PRINCIPAL EL RUBI,136,5,ALTA,ALIAS_SEGURO,ALIAS_CONOCIDO
SEDE,PUERTO CONCORDIA | INSTITUCIÓN EDUCATIVA NUEVA ESPERANZA,SEDE PRINCIPAL NUEVA ESPERANZA,SEDE PRINCIPAL NUEVA ESPERANZA,342,5,ALTA,ALIAS_SEGURO,ALIAS_CONOCIDO
SEDE,VISTAHERMOSA | INSTITUCIÓN EDUCATIVA PEDRO NEL JIMENEZ OBANDO,SEDE PRINCIPAL PEDRO NEL JIMENEZ OBANDO,SEDE PRINCIPAL PEDRO NEL JIMENEZ OBANDO,573,5,ALTA,ALIAS_SEGURO,ALIAS_CONOCIDO
SEDE,EL CALVARIO | INSTITUCIÓN EDUCATIVA SIMON BOLIVAR,SEDE PRINCIPAL SIMON BOLIVAR,SEDE PRINCIPAL SIMON BOLIVAR,58,5,ALTA,ALIAS_SEGURO,ALIAS_CONOCIDO
INSTITUCION,PUERTO RICO,CENTRO EDUCATIVO LAS PALMAS,CENTRO EDUCATIVO LAS PALMAS,84,4,ALTA,ALIAS_SEGURO,ALIAS_CONOCIDO
INSTITUCION,LA MACARENA,CENTRO EDUCATIVO TERCER MILENIO,INSTITUCIÓN EDUCATIVA TERCER MILENIO,43,4,ALTA,ALIAS_SEGURO,PREFIJO_IE
INSTITUCION,PUERTO LÓPEZ,INSTITUCION EDUCATIVA AGROPECUARIO DE PUERTO LOPEZ,INSTITUCIÓN EDUCATIVA AGROPECUARIO DE PUERTO LOPEZ,75,4,ALTA,ALIAS_SEGURO,ALIAS_CONOCIDO
INSTITUCION,PUERTO LÓPEZ,INSTITUCION EDUCATIVA CAPITAN MIGUEL LARA,INSTITUCIÓN EDUCATIVA CAPITAN MIGUEL LARA,76,4,ALTA,ALIAS_SEGURO,ALIAS_CONOCIDO
INSTITUCION,FUENTE DE ORO,INSTITUCION EDUCATIVA EL PROGRESO,INSTITUCIÓN EDUCATIVA EL PROGRESO,26,4,ALTA,ALIAS_SEGURO,ALIAS_CONOCIDO
INSTITUCION,LA MACARENA,INSTITUCIÓN EDUCATIVA EL RUBI,INSTITUCIÓN EDUCATIVA EL RUBI,40,4,ALTA,ALIAS_SEGURO,ALIAS_CONOCIDO
INSTITUCION,VISTAHERMOSA,INSTITUCION EDUCATIVA GABRIELA MISTRAL,INSTITUCIÓN EDUCATIVA GABRIELA MISTRAL,106,4,ALTA,ALIAS_SEGURO,ALIAS_CONOCIDO
INSTITUCION,CASTILLA LA NUEVA,INSTITUCION EDUCATIVA HENRY DANIELS,INSTITUCIÓN EDUCATIVA HENRY DANIELS,14,4,ALTA,ALIAS_SEGURO,ALIAS_CONOCIDO
INSTITUCION,GUAMAL,INSTITUCION EDUCATIVA JOSE MARIA CORDOBA,INSTITUCIÓN EDUCATIVA JOSE MARIA CORDOBA,38,4,ALTA,ALIAS_SEGURO,ALIAS_CONOCIDO
INSTITUCION,EL CALVARIO,INSTITUCION EDUCATIVA JUAN BAUTISTA ARNAUD,INSTITUCIÓN EDUCATIVA JUAN BAUTISTA ARNAUD,20,4,ALTA,ALIAS_SEGURO,ALIAS_CONOCIDO
INSTITUCION,LA MACARENA,INSTITUCION EDUCATIVA NUEVO HORIZONTE,INSTITUCIÓN EDUCATIVA NUEVO HORIZONTE,46,4,ALTA,ALIAS_SEGURO,ALIAS_CONOCIDO
INSTITUCION,CASTILLA LA NUEVA,INSTITUCION EDUCATIVA SAN LORENZO,INSTITUCIÓN EDUCATIVA SAN LORENZO,15,4,ALTA,ALIAS_SEGURO,ALIAS_CONOCIDO
INSTITUCION,PUERTO LÓPEZ,INSTITUCION EDUCATIVA SANTA TERESA DE PACHAQUIARO,INSTITUCIÓN EDUCATIVA SANTA TERESA DE PACHAQUIARO,82,4,ALTA,ALIAS_SEGURO,ALIAS_CONOCIDO
INSTITUCION,VISTAHERMOSA,INSTITUCION EDUCATIVA SANTO DOMINGO,INSTITUCIÓN EDUCATIVA SANTO DOMINGO,110,4,ALTA,ALIAS_SEGURO,ALIAS_CONOCIDO
SEDE,ACACÍAS | INSTITUCIÓN EDUCATIVA JUAN ROZO,ANTONIO NARIÑO,SEDE ANTONIO NARINO,5,4,ALTA,ALIAS_SEGURO,PREFIJO_SEDE
SEDE,ACACÍAS | INSTITUCIÓN EDUCATIVA JUAN HUMBERTO BAQUERO SOLER,EL CARMEN,SEDE PRINCIPAL EL CARMEN,22,4,ALTA,ALIAS_SEGURO,PREFIJO_SEDE
SEDE,SAN JUAN DE ARAMA | INSTITUCIÓN EDUCATIVA SAN JUAN DE ARAMA,PRINCIPAL SAN JUAN DE ARAMA,SEDE PRINCIPAL SAN JUAN DE ARAMA,475,4,ALTA,ALIAS_SEGURO,PREFIJO_SEDE
SEDE,GRANADA | INSTITUCIÓN EDUCATIVA CAMILO TORRES,SEDE ANTONIO RICAURTE,SEDE ANTONIO RICAURTE,93,4,ALTA,ALIAS_SEGURO,ALIAS_CONOCIDO
SEDE,GRANADA | INSTITUCIÓN EDUCATIVA CAMILO TORRES,SEDE CLUB DE LEONES,SEDE CLUB DE LEONES,94,4,ALTA,ALIAS_SEGURO,ALIAS_CONOCIDO
SEDE,PUERTO CONCORDIA | INSTITUCIÓN EDUCATIVA NUEVA ESPERANZA,SEDE CONCORDIA,SEDE CONCORDIA,341,4,ALTA,ALIAS_SEGURO,ALIAS_CONOCIDO
SEDE,LA MACARENA | INSTITUCIÓN EDUCATIVA NUESTRA SENORA DE LA MACARENA,SEDE EL TAPIR,SEDE EL TAPIR,198,4,ALTA,ALIAS_SEGURO,ALIAS_CONOCIDO
SEDE,PUERTO LLERAS | INSTITUCIÓN EDUCATIVA MAJESTUOSO ARIARI INEMA,SEDE INOCENCIO CHINCA,SEDE INOCENCIO CHINCA,388,4,ALTA,ALIAS_SEGURO,ALIAS_CONOCIDO
SEDE,GRANADA | INSTITUCIÓN EDUCATIVA CAMILO TORRES,SEDE PRINCIPAL CAMILO TORRES,SEDE PRINCIPAL CAMILO TORRES,97,4,ALTA,ALIAS_SEGURO,ALIAS_CONOCIDO
SEDE,PUERTO LÓPEZ | INSTITUCIÓN EDUCATIVA CAPITAN MIGUEL LARA,SEDE PRINCIPAL CAPITAN MIGUEL LARA,SEDE PRINCIPAL CAPITAN MIGUEL LARA,412,4,ALTA,ALIAS_SEGURO,ALIAS_CONOCIDO
SEDE,FUENTE DE ORO | INSTITUCIÓN EDUCATIVA EL PROGRESO,SEDE PRINCIPAL EL PROGRESO,SEDE PRINCIPAL EL PROGRESO,86,4,ALTA,ALIAS_SEGURO,ALIAS_CONOCIDO
SEDE,RESTREPO | INSTITUCIÓN EDUCATIVA EMILIANO RESTREPO ECHAVARRIA,SEDE PRINCIPAL EMILIANO RESTREPO ECHAVARRIA,SEDE PRINCIPAL EMILIANO RESTREPO ECHAVARRIA,463,4,ALTA,ALIAS_SEGURO,ALIAS_CONOCIDO
SEDE,ACACÍAS | INSTITUCIÓN EDUCATIVA ESCUELA NORMAL SUPERIOR DE ACACIAS,SEDE PRINCIPAL ESCUELA NORMAL SUPERIOR DE ACACIAS,SEDE PRINCIPAL ESCUELA NORMAL SUPERIOR DE ACACIAS,2,4,ALTA,ALIAS_SEGURO,ALIAS_CONOCIDO
SEDE,ACACÍAS | INSTITUCIÓN EDUCATIVA GABRIELA MISTRAL,SEDE PRINCIPAL GABRIELA MISTRAL,SEDE PRINCIPAL GABRIELA MISTRAL,3,4,ALTA,ALIAS_SEGURO,ALIAS_CONOCIDO
SEDE,VISTAHERMOSA | INSTITUCIÓN EDUCATIVA GABRIELA MISTRAL,SEDE PRINCIPAL GABRIELA MISTRAL,SEDE PRINCIPAL GABRIELA MISTRAL,563,4,ALTA,ALIAS_SEGURO,ALIAS_CONOCIDO
SEDE,GRANADA | INSTITUCIÓN EDUCATIVA GENERAL SANTANDER,SEDE PRINCIPAL GENERAL SANTANDER,SEDE PRINCIPAL GENERAL SANTANDER,107,4,ALTA,ALIAS_SEGURO,ALIAS_CONOCIDO
SEDE,CASTILLA LA NUEVA | INSTITUCIÓN EDUCATIVA HENRY DANIELS,SEDE PRINCIPAL HENRY DANIELS,SEDE PRINCIPAL HENRY DANIELS,44,4,ALTA,ALIAS_SEGURO,ALIAS_CONOCIDO
SEDE,PUERTO LLERAS | INSTITUCIÓN EDUCATIVA CHARCO TRECE,SEDE PRINCIPAL INTERNADO CHARCO TRECE,SEDE PRINCIPAL INTERNADO CHARCO TRECE,383,4,ALTA,ALIAS_SEGURO,ALIAS_CONOCIDO
SEDE,CUMARAL | INSTITUCIÓN EDUCATIVA JOSE ANTONIO GALAN,SEDE PRINCIPAL JOSE ANTONIO GALAN,SEDE PRINCIPAL JOSE ANTONIO GALAN,48,4,ALTA,ALIAS_SEGURO,ALIAS_CONOCIDO
SEDE,GUAMAL | INSTITUCIÓN EDUCATIVA JOSE MARIA CORDOBA,SEDE PRINCIPAL JOSE MARIA CORDOBA,SEDE PRINCIPAL JOSE MARIA CORDOBA,122,4,ALTA,ALIAS_SEGURO,ALIAS_CONOCIDO
SEDE,EL CALVARIO | INSTITUCIÓN EDUCATIVA JUAN BAUTISTA ARNAUD,SEDE PRINCIPAL JUAN BAUTISTA ARNAUD,SEDE PRINCIPAL JUAN BAUTISTA ARNAUD,56,4,ALTA,ALIAS_SEGURO,ALIAS_CONOCIDO
SEDE,MESETAS | INSTITUCIÓN EDUCATIVA LOS FUNDADORES,SEDE PRINCIPAL LOS FUNDADORES,SEDE PRINCIPAL LOS FUNDADORES,317,4,ALTA,ALIAS_SEGURO,ALIAS_CONOCIDO
SEDE,PUERTO CONCORDIA | CENTRO EDUCATIVO MI LLANURA,SEDE PRINCIPAL MI LLANURA,SEDE PRINCIPAL MI LLANURA,338,4,ALTA,ALIAS_SEGURO,ALIAS_CONOCIDO
SEDE,LA MACARENA | INSTITUCIÓN EDUCATIVA NUEVO HORIZONTE,SEDE PRINCIPAL NUEVO HORIZONTE,SEDE PRINCIPAL NUEVO HORIZONTE,223,4,ALTA,ALIAS_SEGURO,ALIAS_CONOCIDO
SEDE,ACACÍAS | INSTITUCIÓN EDUCATIVA PABLO EMILIO RIVEROS,SEDE PRINCIPAL PABLO EMILIO RIVEROS,SEDE PRINCIPAL PABLO EMILIO RIVEROS,21,4,ALTA,ALIAS_SEGURO,ALIAS_CONOCIDO
SEDE,PUERTO LÓPEZ | INSTITUCIÓN EDUCATIVA RAFAEL URIBE URIBE,SEDE PRINCIPAL RAFAEL URIBE URIBE,SEDE PRINCIPAL RAFAEL URIBE URIBE,417,4,ALTA,ALIAS_SEGURO,ALIAS_CONOCIDO
SEDE,URIBE | INSTITUCIÓN EDUCATIVA RAFAEL URIBE URIBE,SEDE PRINCIPAL RAFAEL URIBE URIBE,SEDE PRINCIPAL RAFAEL URIBE URIBE,543,4,ALTA,ALIAS_SEGURO,ALIAS_CONOCIDO
SEDE,CASTILLA LA NUEVA | INSTITUCIÓN EDUCATIVA SAN LORENZO,SEDE PRINCIPAL SAN LORENZO,SEDE PRINCIPAL SAN LORENZO,45,4,ALTA,ALIAS_SEGURO,ALIAS_CONOCIDO
SEDE,LA MACARENA | INSTITUCIÓN EDUCATIVA SANTA TERESA,SEDE PRINCIPAL SANTA TERESA,SEDE PRINCIPAL SANTA TERESA,228,4,ALTA,ALIAS_SEGURO,ALIAS_CONOCIDO
SEDE,PUERTO CONCORDIA | INSTITUCIÓN EDUCATIVA VALENTIN APARICIO PERSONA,SEDE PRINCIPAL VALENTIN APARICIO PERSONA,SEDE PRINCIPAL VALENTIN APARICIO PERSONA,356,4,ALTA,ALIAS_SEGURO,ALIAS_CONOCIDO
SEDE,PUERTO LÓPEZ | INSTITUCIÓN EDUCATIVA YAALIAKEISY,SEDE PRINCIPAL YAALIAKEISY,SEDE PRINCIPAL YAALIAKEISY,419,4,ALTA,ALIAS_SEGURO,ALIAS_CONOCIDO
INSTITUCION,SAN MARTÍN,CENTRO EDUCATIVO CAMOITA,CENTRO EDUCATIVO CAMOITA,99,3,ALTA,ALIAS_SEGURO,ALIAS_CONOCIDO
INSTITUCION,LEJANÍAS,CENTRO EDUCATIVO EL CONVENIO,CENTRO EDUCATIVO EL CONVENIO,48,3,ALTA,ALIAS_SEGURO,ALIAS_CONOCIDO
INSTITUCION,EL CASTILLO,CENTRO EDUCATIVO EL ENCANTO,CENTRO EDUCATIVO EL ENCANTO,22,3,ALTA,ALIAS_SEGURO,ALIAS_CONOCIDO
INSTITUCION,MAPIRIPÁN,CENTRO EDUCATIVO GUACAMAYAS,CENTRO EDUCATIVO GUACAMAYAS,52,3,ALTA,ALIAS_SEGURO,ALIAS_CONOCIDO
INSTITUCION,PUERTO LÓPEZ,CENTRO EDUCATIVO PONTON DE RIO NEGRO,CENTRO EDUCATIVO PONTON DE RIO NEGRO,73,3,ALTA,ALIAS_SEGURO,ALIAS_CONOCIDO
INSTITUCION,RESTREPO,CENTRO EDUCATIVO RURAL DE RESTREPO,INSTITUCIÓN EDUCATIVA RURAL DE RESTREPO,87,3,ALTA,ALIAS_SEGURO,PREFIJO_IE
INSTITUCION,PUERTO LÓPEZ,CENTRO EDUCATIVO SERRANIA DEL MELUA,CENTRO EDUCATIVO SERRANIA DEL MELUA,74,3,ALTA,ALIAS_SEGURO,ALIAS_CONOCIDO
INSTITUCION,PUERTO LLERAS,CENTRO EDUCATIVO TIERRA GRATA,CENTRO EDUCATIVO TIERRA GRATA,68,3,ALTA,ALIAS_SEGURO,ALIAS_CONOCIDO
INSTITUCION,GRANADA,INSTITUCION EDUCATIVA DOS QUEBRADAS,INSTITUCIÓN EDUCATIVA DOS QUEBRADAS,31,3,ALTA,ALIAS_SEGURO,ALIAS_CONOCIDO
INSTITUCION,PUERTO LLERAS,INSTITUCION EDUCATIVA HECTOR JARAMILLO DUQUE,INSTITUCIÓN EDUCATIVA HECTOR JARAMILLO DUQUE,69,3,ALTA,ALIAS_SEGURO,ALIAS_CONOCIDO
INSTITUCION,PUERTO LLERAS,INSTITUCIÓN EDUCATIVA HECTOR JARAMILLO DUQUE,INSTITUCIÓN EDUCATIVA HECTOR JARAMILLO DUQUE,69,3,ALTA,ALIAS_SEGURO,ALIAS_CONOCIDO
INSTITUCION,SAN JUANITO,INSTITUCION EDUCATIVA JOHN F. KENNEDY,INSTITUCIÓN EDUCATIVA JOHN F KENNEDY,96,3,ALTA,ALIAS_SEGURO,ALIAS_CONOCIDO
INSTITUCION,ACACÍAS,INSTITUCION EDUCATIVA LUIS CARLOS GALAN SARMIENTO,INSTITUCIÓN EDUCATIVA LUIS CARLOS GALAN SARMIENTO,4,3,ALTA,ALIAS_SEGURO,ALIAS_CONOCIDO
INSTITUCION,PUERTO LLERAS,INSTITUCIÓN EDUCATIVA MAJESTUOSO ARIARI INEMA,INSTITUCIÓN EDUCATIVA MAJESTUOSO ARIARI INEMA,71,3,ALTA,ALIAS_SEGURO,ALIAS_CONOCIDO
INSTITUCION,ACACÍAS,INSTITUCION EDUCATIVA MARIA MONTESSORI,INSTITUCIÓN EDUCATIVA MARIA MONTESSORI,5,3,ALTA,ALIAS_SEGURO,ALIAS_CONOCIDO
INSTITUCION,SAN CARLOS DE GUAROA,INSTITUCION EDUCATIVA SIMON BOLIVAR,INSTITUCIÓN EDUCATIVA SIMON BOLIVAR,92,3,ALTA,ALIAS_SEGURO,ALIAS_CONOCIDO
SEDE,MAPIRIPÁN | CENTRO EDUCATIVO DIVINO NINO JESUS,MILCIADES PARRA QUIROGA,SEDE MILCIADES PARRA QUIROGA,270,3,ALTA,ALIAS_SEGURO,PREFIJO_SEDE
SEDE,GRANADA | INSTITUCIÓN EDUCATIVA CAMILO TORRES,SEDE ALFONSO MONTOYA PAVA,SEDE ALFONSO MONTOYA PAVA,92,3,ALTA,ALIAS_SEGURO,ALIAS_CONOCIDO
SEDE,PUERTO GAITÁN | INSTITUCIÓN EDUCATIVA RUBIALES,SEDE ALTO TILLAVA,SEDE ALTO TILLAVA,364,3,ALTA,ALIAS_SEGURO,ALIAS_CONOCIDO
SEDE,PUERTO CONCORDIA | INSTITUCIÓN EDUCATIVA VALENTIN APARICIO PERSONA,SEDE BELLAVISTA,SEDE BELLAVISTA,350,3,ALTA,ALIAS_SEGURO,ALIAS_CONOCIDO
SEDE,GRANADA | INSTITUCIÓN EDUCATIVA GENERAL SANTANDER,SEDE EL AMPARO,SEDE EL AMPARO,105,3,ALTA,ALIAS_SEGURO,ALIAS_CONOCIDO
SEDE,LA MACARENA | CENTRO EDUCATIVO LAS BRISAS,SEDE EL RECREO,SEDE EL RECREO,167,3,ALTA,ALIAS_SEGURO,ALIAS_CONOCIDO
SEDE,PUERTO GAITÁN | INSTITUCIÓN EDUCATIVA HORIZONTES,SEDE FUNDACIONES,SEDE FUNDACIONES,358,3,ALTA,ALIAS_SEGURO,ALIAS_CONOCIDO
SEDE,EL CASTILLO | INSTITUCIÓN EDUCATIVA OVIDIO DECROLY,SEDE JORGE ELIECER GAITAN,SEDE JORGE ELIECER GAITAN,66,3,ALTA,ALIAS_SEGURO,ALIAS_CONOCIDO
SEDE,GRANADA | INSTITUCIÓN EDUCATIVA VALENTIN GARCIA,SEDE MAKATOA,SEDE MAKATOA,120,3,ALTA,ALIAS_SEGURO,ALIAS_CONOCIDO
SEDE,PUERTO RICO | INSTITUCIÓN EDUCATIVA ALICIO AMADOR ELVIRA,SEDE POLICARPA SALAVARRIETA,SEDE POLICARPA SALAVARRIETA,442,3,ALTA,ALIAS_SEGURO,ALIAS_CONOCIDO
SEDE,RESTREPO | INSTITUCIÓN EDUCATIVA RURAL DE RESTREPO,SEDE PRINCIPAL CANEY ALTO,SEDE PRINCIPAL CANEY ALTO,460,3,ALTA,ALIAS_SEGURO,ALIAS_CONOCIDO
SEDE,PUERTO RICO | CENTRO EDUCATIVO LAS PALMAS,SEDE PRINCIPAL DANUBIO DOS,SEDE PRINCIPAL DANUBIO DOS,434,3,ALTA,ALIAS_SEGURO,ALIAS_CONOCIDO
SEDE,GRANADA | INSTITUCIÓN EDUCATIVA DOS QUEBRADAS,SEDE PRINCIPAL DOS QUEBRADAS,SEDE PRINCIPAL DOS QUEBRADAS,102,3,ALTA,ALIAS_SEGURO,ALIAS_CONOCIDO
SEDE,EL CASTILLO | CENTRO EDUCATIVO EL ENCANTO,SEDE PRINCIPAL EL ENCANTO,SEDE PRINCIPAL EL ENCANTO,65,3,ALTA,ALIAS_SEGURO,ALIAS_CONOCIDO
SEDE,PUERTO LÓPEZ | INSTITUCIÓN EDUCATIVA ENRIQUE OLAYA HERRERA,SEDE PRINCIPAL ENRIQUE OLAYA HERRERA,SEDE PRINCIPAL ENRIQUE OLAYA HERRERA,414,3,ALTA,ALIAS_SEGURO,ALIAS_CONOCIDO
SEDE,LEJANÍAS | INSTITUCIÓN EDUCATIVA GABRIELA MISTRAL,SEDE PRINCIPAL GABRIELA MISTRAL,SEDE PRINCIPAL GABRIELA MISTRAL,253,3,ALTA,ALIAS_SEGURO,ALIAS_CONOCIDO
SEDE,SAN MARTÍN | INSTITUCIÓN EDUCATIVA INTEGRADO DE SAN MARTIN,SEDE PRINCIPAL INTEGRADO DE SAN MARTIN,SEDE PRINCIPAL INTEGRADO DE SAN MARTIN,493,3,ALTA,ALIAS_SEGURO,ALIAS_CONOCIDO
SEDE,SAN JUANITO | INSTITUCIÓN EDUCATIVA JOHN F KENNEDY,SEDE PRINCIPAL JOHN F. KENNEDY,SEDE PRINCIPAL JOHN F KENNEDY,479,3,ALTA,ALIAS_SEGURO,ALIAS_CONOCIDO
SEDE,GRANADA | INSTITUCIÓN EDUCATIVA JOSE ANTONIO GALAN,SEDE PRINCIPAL JOSE ANTONIO GALAN,SEDE PRINCIPAL JOSE ANTONIO GALAN,114,3,ALTA,ALIAS_SEGURO,ALIAS_CONOCIDO
SEDE,ACACÍAS | INSTITUCIÓN EDUCATIVA JUAN ROZO,SEDE PRINCIPAL JUAN ROZO,SEDE PRINCIPAL JUAN ROZO,8,3,ALTA,ALIAS_SEGURO,ALIAS_CONOCIDO
SEDE,LA MACARENA | CENTRO EDUCATIVO LA CATALINA,SEDE PRINCIPAL LA CATALINA,SEDE PRINCIPAL LA CATALINA,155,3,ALTA,ALIAS_SEGURO,ALIAS_CONOCIDO
SEDE,VISTAHERMOSA | INSTITUCIÓN EDUCATIVA LOS CENTAUROS,SEDE PRINCIPAL LOS CENTAUROS,SEDE PRINCIPAL LOS CENTAUROS,567,3,ALTA,ALIAS_SEGURO,ALIAS_CONOCIDO
SEDE,ACACÍAS | INSTITUCIÓN EDUCATIVA LUIS CARLOS GALAN SARMIENTO,SEDE PRINCIPAL LUIS CARLOS GALAN SARMIENTO,SEDE PRINCIPAL LUIS CARLOS GALAN SARMIENTO,10,3,ALTA,ALIAS_SEGURO,ALIAS_CONOCIDO
SEDE,SAN MARTÍN | INSTITUCIÓN EDUCATIVA MANUELA BELTRAN,SEDE PRINCIPAL MANUELA BELTRAN,SEDE PRINCIPAL MANUELA BELTRAN,502,3,ALTA,ALIAS_SEGURO,ALIAS_CONOCIDO
SEDE,ACACÍAS | INSTITUCIÓN EDUCATIVA MARIA MONTESSORI,SEDE PRINCIPAL MARIA MONTESSORI,SEDE PRINCIPAL MARIA MONTESSORI,11,3,ALTA,ALIAS_SEGURO,ALIAS_CONOCIDO
SEDE,MESETAS | CENTRO EDUCATIVO RIO GUEJAR,SEDE PRINCIPAL RIO GUEJAR,SEDE PRINCIPAL RIO GUEJAR,303,3,ALTA,ALIAS_SEGURO,ALIAS_CONOCIDO
SEDE,PUERTO GAITÁN | INSTITUCIÓN EDUCATIVA RUBIALES,SEDE PRINCIPAL RUBIALES,SEDE PRINCIPAL RUBIALES,365,3,ALTA,ALIAS_SEGURO,ALIAS_CONOCIDO
SEDE,PUERTO LÓPEZ | INSTITUCIÓN EDUCATIVA SANTA TERESA DE PACHAQUIARO,SEDE PRINCIPAL SANTA TERESA DE PACHAQUIARO,SEDE PRINCIPAL SANTA TERESA DE PACHAQUIARO,422,3,ALTA,ALIAS_SEGURO,ALIAS_CONOCIDO
SEDE,VISTAHERMOSA | INSTITUCIÓN EDUCATIVA SANTO DOMINGO,SEDE PRINCIPAL SANTO DOMINGO,SEDE PRINCIPAL SANTO DOMINGO,592,3,ALTA,ALIAS_SEGURO,ALIAS_CONOCIDO
SEDE,SAN CARLOS DE GUAROA | INSTITUCIÓN EDUCATIVA SIMON BOLIVAR,SEDE PRINCIPAL SIMON BOLIVAR,SEDE PRINCIPAL SIMON BOLIVAR,466,3,ALTA,ALIAS_SEGURO,ALIAS_CONOCIDO
SEDE,PUERTO LÓPEZ | INSTITUCIÓN EDUCATIVA AGROPECUARIO DE PUERTO LOPEZ,SEDE PRINCIPAL TECNICO AGROPECUARIO,SEDE PRINCIPAL TECNICO AGROPECUARIO,410,3,ALTA,ALIAS_SEGURO,ALIAS_CONOCIDO
SEDE,GRANADA | INSTITUCIÓN EDUCATIVA VALENTIN GARCIA,SEDE PRINCIPAL VALENTIN GARCIA,SEDE PRINCIPAL VALENTIN GARCIA,121,3,ALTA,ALIAS_SEGURO,ALIAS_CONOCIDO
SEDE,PUERTO GAITÁN | INSTITUCIÓN EDUCATIVA RUBIALES,SEDE PUERTO TRUJILLO,SEDE PUERTO TRUJILLO,366,3,ALTA,ALIAS_SEGURO,ALIAS_CONOCIDO
SEDE,PUERTO RICO | INSTITUCIÓN EDUCATIVA ALICIO AMADOR ELVIRA,SEDE RAFAEL POMBO,SEDE RAFAEL POMBO,444,3,ALTA,ALIAS_SEGURO,ALIAS_CONOCIDO
SEDE,VISTAHERMOSA | INSTITUCIÓN EDUCATIVA LOS CENTAUROS,SEDE VENCEDORES DEL VARGAS,SEDE VENCEDORES DEL VARGAS,568,3,ALTA,ALIAS_SEGURO,ALIAS_CONOCIDO
SEDE,SAN JUAN DE ARAMA | INSTITUCIÓN EDUCATIVA SAN JUAN DE ARAMA,SUBTENIENTE SATURNINO GUTIERREZ,SEDE SUBTENIENTE SATURNINO GUTIERREZ,476,3,ALTA,ALIAS_SEGURO,PREFIJO_SEDE
INSTITUCION,LEJANÍAS,CENTRO EDUCATIVO BARCELONA,CENTRO EDUCATIVO BARCELONA,51,2,ALTA,ALIAS_SEGURO,ALIAS_CONOCIDO
INSTITUCION,SAN LUIS DE CUBARRAL,CENTRO EDUCATIVO DE CUBARRAL,CENTRO EDUCATIVO DE CUBARRAL,97,2,ALTA,ALIAS_SEGURO,ALIAS_CONOCIDO
INSTITUCION,SAN JUAN DE ARAMA,CENTRO EDUCATIVO FRANCISCO DE PAULA SANTANDER,CENTRO EDUCATIVO FRANCISCO DE PAULA SANTANDER,93,2,ALTA,ALIAS_SEGURO,ALIAS_CONOCIDO
INSTITUCION,VISTAHERMOSA,CENTRO EDUCATIVO PUERTO LUCAS MARGEN DERECHA,CENTRO EDUCATIVO PUERTO LUCAS MARGEN DERECHA,111,2,ALTA,ALIAS_SEGURO,ALIAS_CONOCIDO
INSTITUCION,MESETAS,CENTRO EDUCATIVO RIO CAFRE,CENTRO EDUCATIVO RIO CAFRE,59,2,ALTA,ALIAS_SEGURO,ALIAS_CONOCIDO
INSTITUCION,CABUYARO,CENTRO EDUCATIVO SAN FELIPE,CENTRO EDUCATIVO SAN FELIPE,10,2,ALTA,ALIAS_SEGURO,ALIAS_CONOCIDO
INSTITUCION,LA MACARENA,INSTITUCIÓN EDUCATIVA BOCAS DEL PERDIDO,INSTITUCIÓN EDUCATIVA BOCAS DEL PERDIDO,39,2,ALTA,ALIAS_SEGURO,ALIAS_CONOCIDO
INSTITUCION,SAN CARLOS DE GUAROA,INSTITUCION EDUCATIVA ISABEL LA CATOLICA,INSTITUCIÓN EDUCATIVA ISABEL LA CATOLICA,91,2,ALTA,ALIAS_SEGURO,ALIAS_CONOCIDO
INSTITUCION,PUERTO GAITÁN,INSTITUCION EDUCATIVA JORGE ELIECER GAITAN,INSTITUCIÓN EDUCATIVA JORGE ELIECER GAITAN,66,2,ALTA,ALIAS_SEGURO,ALIAS_CONOCIDO
INSTITUCION,GRANADA,INSTITUCION EDUCATIVA LUIS CARLOS GALAN SARMIENTO,INSTITUCIÓN EDUCATIVA LUIS CARLOS GALAN SARMIENTO,35,2,ALTA,ALIAS_SEGURO,ALIAS_CONOCIDO
INSTITUCION,LA MACARENA,INSTITUCIÓN EDUCATIVA TERCER MILENIO,INSTITUCIÓN EDUCATIVA TERCER MILENIO,43,2,ALTA,ALIAS_SEGURO,ALIAS_CONOCIDO
SEDE,MAPIRIPÁN | INSTITUCIÓN EDUCATIVA JORGE ELIECER GAITAN,BAXUMEK II,SEDE BAXUMEK II,278,2,ALTA,ALIAS_SEGURO,PREFIJO_SEDE
SEDE,ACACÍAS | INSTITUCIÓN EDUCATIVA PABLO EMILIO RIVEROS,EL DORADO,SEDE EL DORADO,20,2,ALTA,ALIAS_SEGURO,PREFIJO_SEDE
SEDE,GRANADA | INSTITUCIÓN EDUCATIVA JOSE ANTONIO GALAN,JUAN XXIII,SEDE JUAN XXIII,111,2,ALTA,ALIAS_SEGURO,PREFIJO_SEDE
SEDE,ACACÍAS | INSTITUCIÓN EDUCATIVA JUAN ROZO,RAFAEL POMBO,SEDE RAFAEL POMBO,9,2,ALTA,ALIAS_SEGURO,PREFIJO_SEDE
SEDE,MAPIRIPÁN | CENTRO EDUCATIVO GUACAMAYAS,SANTA HELENA,SEDE SANTA HELENA,260,2,ALTA,ALIAS_SEGURO,PREFIJO_SEDE
SEDE,VISTAHERMOSA | INSTITUCIÓN EDUCATIVA PEDRO NEL JIMENEZ OBANDO,SEDE CAÑO AMARILLO,SEDE CANO AMARILLO,569,2,ALTA,ALIAS_SEGURO,ALIAS_CONOCIDO
SEDE,PUERTO LÓPEZ | INSTITUCIÓN EDUCATIVA ENRIQUE OLAYA HERRERA,SEDE CLEMENTE NARANJO,SEDE CLEMENTE NARANJO,413,2,ALTA,ALIAS_SEGURO,ALIAS_CONOCIDO
SEDE,VISTAHERMOSA | CENTRO EDUCATIVO PUERTO LUCAS MARGEN DERECHA,SEDE COSTA RICA,SEDE COSTA RICA,596,2,ALTA,ALIAS_SEGURO,ALIAS_CONOCIDO
SEDE,RESTREPO | INSTITUCIÓN EDUCATIVA EMILIANO RESTREPO ECHAVARRIA,SEDE EMILIANO RESTREPO ECHAVARRIA PRIMARIA,SEDE EMILIANO RESTREPO ECHAVARRIA PRIMARIA,462,2,ALTA,ALIAS_SEGURO,ALIAS_CONOCIDO
SEDE,SAN MARTÍN | INSTITUCIÓN EDUCATIVA INTEGRADO DE SAN MARTIN,SEDE ENRIQUE GALVEZ ALVAREZ,SEDE ENRIQUE GALVEZ ALVAREZ,491,2,ALTA,ALIAS_SEGURO,ALIAS_CONOCIDO
SEDE,PUERTO GAITÁN | INSTITUCIÓN EDUCATIVA HORIZONTES,SEDE HORIZONTES,SEDE HORIZONTES,361,2,ALTA,ALIAS_SEGURO,ALIAS_CONOCIDO
SEDE,MESETAS | INSTITUCIÓN EDUCATIVA LOS FUNDADORES,SEDE JOSE IGNACIO GONZALEZ,SEDE JOSE IGNACIO GONZALEZ,316,2,ALTA,ALIAS_SEGURO,ALIAS_CONOCIDO
SEDE,SAN MARTÍN | CENTRO EDUCATIVO CAMOITA,SEDE LA BENDICION,SEDE LA BENDICION,486,2,ALTA,ALIAS_SEGURO,ALIAS_CONOCIDO
SEDE,PUERTO LÓPEZ | CENTRO EDUCATIVO NUESTRA SENORA DE FATIMA,SEDE LA COLINA,SEDE LA COLINA,396,2,ALTA,ALIAS_SEGURO,ALIAS_CONOCIDO
SEDE,VISTAHERMOSA | INSTITUCIÓN EDUCATIVA LOS CENTAUROS,SEDE LA ESPERANZA,SEDE LA ESPERANZA,565,2,ALTA,ALIAS_SEGURO,ALIAS_CONOCIDO
SEDE,MESETAS | CENTRO EDUCATIVO RIO CAFRE,SEDE LA GUAJIRA,SEDE PRINCIPAL LA GUAJIRA,322,2,ALTA,ALIAS_SEGURO,PREFIJO_SEDE
SEDE,MESETAS | CENTRO EDUCATIVO RIO GUEJAR,SEDE LA LIBERTAD,SEDE LA LIBERTAD,300,2,ALTA,ALIAS_SEGURO,ALIAS_CONOCIDO
SEDE,PUERTO GAITÁN | INSTITUCIÓN EDUCATIVA HORIZONTES,SEDE LA PRIMAVERA,SEDE LA PRIMAVERA,359,2,ALTA,ALIAS_SEGURO,ALIAS_CONOCIDO
SEDE,PUERTO GAITÁN | INSTITUCIÓN EDUCATIVA HORIZONTES,SEDE MURUJUY,SEDE MURUJUY,360,2,ALTA,ALIAS_SEGURO,ALIAS_CONOCIDO
SEDE,SAN LUIS DE CUBARRAL | CENTRO EDUCATIVO DE CUBARRAL,SEDE PRINCIPAL DE CUBARRAL,SEDE PRINCIPAL DE CUBARRAL,482,2,ALTA,ALIAS_SEGURO,ALIAS_CONOCIDO
SEDE,SAN CARLOS DE GUAROA | INSTITUCIÓN EDUCATIVA ISABEL LA CATOLICA,SEDE PRINCIPAL ISABEL LA CATOLICA,SEDE PRINCIPAL ISABEL LA CATOLICA,465,2,ALTA,ALIAS_SEGURO,ALIAS_CONOCIDO
SEDE,PUERTO GAITÁN | INSTITUCIÓN EDUCATIVA JORGE ELIECER GAITAN,SEDE PRINCIPAL JORGE ELIECER GAITAN,SEDE PRINCIPAL JORGE ELIECER GAITAN,363,2,ALTA,ALIAS_SEGURO,ALIAS_CONOCIDO
SEDE,ACACÍAS | INSTITUCIÓN EDUCATIVA JUAN HUMBERTO BAQUERO SOLER,SEDE PRINCIPAL JUAN HUMBERTO BAQUERO SOLER,SEDE JUAN HUMBERTO BAQUERO SOLER,23,2,ALTA,ALIAS_SEGURO,PREFIJO_SEDE
SEDE,PUERTO LÓPEZ | CENTRO EDUCATIVO SERRANIA DEL MELUA,SEDE PRINCIPAL LA ESTRELLA,SEDE PRINCIPAL LA ESTRELLA,407,2,ALTA,ALIAS_SEGURO,ALIAS_CONOCIDO
SEDE,LA MACARENA | CENTRO EDUCATIVO LAS BRISAS,SEDE PRINCIPAL LAS BRISAS,SEDE PRINCIPAL LAS BRISAS,168,2,ALTA,ALIAS_SEGURO,ALIAS_CONOCIDO
SEDE,PUERTO LÓPEZ | CENTRO EDUCATIVO NUESTRA SENORA DE FATIMA,SEDE PRINCIPAL NUESTRA SEÑORA DE FATIMA,SEDE PRINCIPAL NUESTRA SENORA DE FATIMA,394,2,ALTA,ALIAS_SEGURO,ALIAS_CONOCIDO
SEDE,LA MACARENA | INSTITUCIÓN EDUCATIVA TERCER MILENIO,SEDE PRINCIPAL PLAYA RICA,SEDE PRINCIPAL PLAYA RICA,194,2,ALTA,ALIAS_SEGURO,ALIAS_CONOCIDO
SEDE,PUERTO LÓPEZ | CENTRO EDUCATIVO PONTON DE RIO NEGRO,SEDE PRINCIPAL PONTON DE RIO NEGRO,SEDE PRINCIPAL PONTON DE RIO NEGRO,401,2,ALTA,ALIAS_SEGURO,ALIAS_CONOCIDO
SEDE,CABUYARO | CENTRO EDUCATIVO SAN FELIPE,SEDE PRINCIPAL SAN FELIPE,SEDE PRINCIPAL SAN FELIPE,27,2,ALTA,ALIAS_SEGURO,ALIAS_CONOCIDO
SEDE,PUERTO LLERAS | CENTRO EDUCATIVO TIERRA GRATA,SEDE PRINCIPAL TIERRA GRATA,SEDE PRINCIPAL TIERRA GRATA,368,2,ALTA,ALIAS_SEGURO,ALIAS_CONOCIDO
SEDE,LEJANÍAS | INSTITUCIÓN EDUCATIVA GABRIELA MISTRAL,SEDE SANTA RITA,SEDE SANTA RITA,254,2,ALTA,ALIAS_SEGURO,ALIAS_CONOCIDO
INSTITUCION,LA MACARENA,CENTRO EDUCATIVO BOCAS DEL PERDIDO,INSTITUCIÓN EDUCATIVA BOCAS DEL PERDIDO,39,1,ALTA,ALIAS_SEGURO,PREFIJO_IE
INSTITUCION,CASTILLA LA NUEVA,CENTRO EDUCATIVO CASTILLA LA NUEVA,CENTRO EDUCATIVO CASTILLA LA NUEVA,13,1,ALTA,ALIAS_SEGURO,ALIAS_CONOCIDO
INSTITUCION,CABUYARO,CENTRO EDUCATIVO YARICO,CENTRO EDUCATIVO YARICO,11,1,ALTA,ALIAS_SEGURO,ALIAS_CONOCIDO
INSTITUCION,LA MACARENA,INSTITUCION EDUCATIVA EL RUBI,INSTITUCIÓN EDUCATIVA EL RUBI,40,1,ALTA,ALIAS_SEGURO,ALIAS_CONOCIDO
INSTITUCION,SAN CARLOS DE GUAROA,INSTITUCION EDUCATIVA GABRIEL GARCIA MARQUEZ,INSTITUCIÓN EDUCATIVA GABRIEL GARCIA MARQUEZ,90,1,ALTA,ALIAS_SEGURO,ALIAS_CONOCIDO
INSTITUCION,PUERTO CONCORDIA,INSTITUCIÓN EDUCATIVA NUEVA ESPERANZA,INSTITUCIÓN EDUCATIVA NUEVA ESPERANZA,62,1,ALTA,ALIAS_SEGURO,ALIAS_CONOCIDO
INSTITUCION,PUERTO LÓPEZ,INSTITUCION EDUCATIVA PUERTO GUADALUPE,INSTITUCIÓN EDUCATIVA PUERTO GUADALUPE,78,1,ALTA,ALIAS_SEGURO,ALIAS_CONOCIDO
INSTITUCION,PUERTO LÓPEZ,INSTITUCION EDUCATIVA REMOLINO,INSTITUCIÓN EDUCATIVA REMOLINO,80,1,ALTA,ALIAS_SEGURO,ALIAS_CONOCIDO
SEDE,SAN JUAN DE ARAMA | INSTITUCIÓN EDUCATIVA MANACAL,CERRITOS,SEDE CERRITOS,471,1,ALTA,ALIAS_SEGURO,PREFIJO_SEDE
SEDE,ACACÍAS | INSTITUCIÓN EDUCATIVA ESCUELA NORMAL SUPERIOR DE ACACIAS,EL PLAYON,SEDE EL PLAYON,1,1,ALTA,ALIAS_SEGURO,PREFIJO_SEDE
SEDE,MAPIRIPÁN | CENTRO EDUCATIVO DIVINO NINO JESUS,JUAN PABLO II,SEDE JUAN PABLO II,268,1,ALTA,ALIAS_SEGURO,PREFIJO_SEDE
SEDE,ACACÍAS | INSTITUCIÓN EDUCATIVA SAN ISIDRO DE CHICHIMENE,LA ESMERALDA,SEDE LA ESMERALDA,13,1,ALTA,ALIAS_SEGURO,PREFIJO_SEDE
SEDE,SAN JUAN DE ARAMA | INSTITUCIÓN EDUCATIVA SAN JUAN DE ARAMA,LA LIBERTAD,SEDE LA LIBERTAD,474,1,ALTA,ALIAS_SEGURO,PREFIJO_SEDE
SEDE,MAPIRIPÁN | CENTRO EDUCATIVO DIVINO NINO JESUS,LA RIVERA,SEDE LA RIVERA,274,1,ALTA,ALIAS_SEGURO,PREFIJO_SEDE
SEDE,ACACÍAS | INSTITUCIÓN EDUCATIVA SAN ISIDRO DE CHICHIMENE,LA UNION,SEDE LA UNION,14,1,ALTA,ALIAS_SEGURO,PREFIJO_SEDE
SEDE,LA MACARENA | INSTITUCIÓN EDUCATIVA HECTOR IVAN HERNANDEZ,LA VICTORIA,SEDE LA VICTORIA,207,1,ALTA,ALIAS_SEGURO,PREFIJO_SEDE
SEDE,PUERTO CONCORDIA | INSTITUCIÓN EDUCATIVA VALENTIN APARICIO PERSONA,LIBARDO CASTAÑO,SEDE LIBARDO CASTANO,354,1,ALTA,ALIAS_SEGURO,PREFIJO_SEDE
SEDE,MAPIRIPÁN | CENTRO EDUCATIVO DIVINO NINO JESUS,MATABAMBU,SEDE MATABAMBU,275,1,ALTA,ALIAS_SEGURO,PREFIJO_SEDE
SEDE,SAN JUAN DE ARAMA | CENTRO EDUCATIVO FRANCISCO DE PAULA SANTANDER,MESA DE FERNANDEZ,SEDE MESA DE FERNANDEZ,467,1,ALTA,ALIAS_SEGURO,PREFIJO_SEDE
SEDE,ACACÍAS | INSTITUCIÓN EDUCATIVA JUAN ROZO,PABLO SEXTO,SEDE PABLO SEXTO,7,1,ALTA,ALIAS_SEGURO,PREFIJO_SEDE
SEDE,SAN JUAN DE ARAMA | CENTRO EDUCATIVO FRANCISCO DE PAULA SANTANDER,PRINCIPAL FRANCISCO DE PAULA SANTANDER,SEDE PRINCIPAL FRANCISCO DE PAULA SANTANDER,468,1,ALTA,ALIAS_SEGURO,PREFIJO_SEDE
SEDE,MAPIRIPÁN | CENTRO EDUCATIVO GUACAMAYAS,SAN FRANCISCO,SEDE PRINCIPAL SAN FRANCISCO,259,1,ALTA,ALIAS_SEGURO,PREFIJO_SEDE
SEDE,ACACÍAS | INSTITUCIÓN EDUCATIVA GABRIELA MISTRAL,SAN NICOLAS,SEDE SAN NICOLAS,4,1,ALTA,ALIAS_SEGURO,PREFIJO_SEDE
SEDE,ACACÍAS | INSTITUCIÓN EDUCATIVA SAN ISIDRO DE CHICHIMENE,SANTA ROSA,SEDE SANTA ROSA,19,1,ALTA,ALIAS_SEGURO,PREFIJO_SEDE
SEDE,LA MACARENA | INSTITUCIÓN EDUCATIVA SANTA TERESA,SEDE AGUAZUL,SEDE AGUAZUL,224,1,ALTA,ALIAS_SEGURO,ALIAS_CONOCIDO
SEDE,PUERTO LÓPEZ | INSTITUCIÓN EDUCATIVA RAFAEL URIBE URIBE,SEDE ALEGRIA DE VIVIR,SEDE ALEGRIA DE VIVIR,416,1,ALTA,ALIAS_SEGURO,ALIAS_CONOCIDO
SEDE,LA MACARENA | INSTITUCIÓN EDUCATIVA NUESTRA SENORA DE LA MACARENA,SEDE ALTO RAUDAL,SEDE ALTO RAUDAL,196,1,ALTA,ALIAS_SEGURO,ALIAS_CONOCIDO
SEDE,LA MACARENA | INSTITUCIÓN EDUCATIVA SANTA TERESA,SEDE ALTO SAN ANTONIO,SEDE ALTO SAN ANTONIO,225,1,ALTA,ALIAS_SEGURO,ALIAS_CONOCIDO
SEDE,SAN MARTÍN | INSTITUCIÓN EDUCATIVA INTEGRADO DE SAN MARTIN,SEDE ANTONIO NARIÑO,SEDE ANTONIO NARINO,488,1,ALTA,ALIAS_SEGURO,ALIAS_CONOCIDO
SEDE,SAN MARTÍN | INSTITUCIÓN EDUCATIVA MANUELA BELTRAN,SEDE ANTONIO RICAURTE,SEDE ANTONIO RICAURTE,500,1,ALTA,ALIAS_SEGURO,ALIAS_CONOCIDO
SEDE,SAN MARTÍN | INSTITUCIÓN EDUCATIVA INTEGRADO DE SAN MARTIN,SEDE ATANASIO GIRARDOT,SEDE ATANASIO GIRARDOT,489,1,ALTA,ALIAS_SEGURO,ALIAS_CONOCIDO
SEDE,PUERTO CONCORDIA | INSTITUCIÓN EDUCATIVA VALENTIN APARICIO PERSONA,SEDE BAJA PRIMAVERA,SEDE BAJA PRIMAVERA,349,1,ALTA,ALIAS_SEGURO,ALIAS_CONOCIDO
SEDE,PUERTO LÓPEZ | CENTRO EDUCATIVO PONTON DE RIO NEGRO,SEDE BOCAS DEL GUAYURIBA,SEDE BOCAS DEL GUAYURIBA,398,1,ALTA,ALIAS_SEGURO,ALIAS_CONOCIDO
SEDE,LA MACARENA | INSTITUCIÓN EDUCATIVA BOCAS DEL PERDIDO,SEDE BRISAS DEL LOZADA,SEDE BRISAS DEL LOZADA,128,1,ALTA,ALIAS_SEGURO,ALIAS_CONOCIDO
SEDE,VISTAHERMOSA | INSTITUCIÓN EDUCATIVA RAMON ARROYAVE,SEDE BUENOS AIRES,SEDE BUENOS AIRES,576,1,ALTA,ALIAS_SEGURO,ALIAS_CONOCIDO
SEDE,LA MACARENA | INSTITUCIÓN EDUCATIVA SANTA TERESA,SEDE CAMPO HERMOSO,SEDE CAMPO HERMOSO,226,1,ALTA,ALIAS_SEGURO,ALIAS_CONOCIDO
SEDE,FUENTE DE ORO | INSTITUCIÓN EDUCATIVA ANTONIO NARINO,SEDE CAÑO VENADO,SEDE CANO VENADO,73,1,ALTA,ALIAS_SEGURO,ALIAS_CONOCIDO
SEDE,LA MACARENA | INSTITUCIÓN EDUCATIVA NUESTRA SENORA DE LA MACARENA,SEDE EL BILLAR,SEDE EL BILLAR,197,1,ALTA,ALIAS_SEGURO,ALIAS_CONOCIDO
SEDE,GRANADA | INSTITUCIÓN EDUCATIVA CAMILO TORRES,SEDE EL BOSQUE,SEDE EL BOSQUE,95,1,ALTA,ALIAS_SEGURO,ALIAS_CONOCIDO
SEDE,LEJANÍAS | INSTITUCIÓN EDUCATIVA GABRIELA MISTRAL,SEDE EL BRILLANTE,SEDE EL BRILLANTE,248,1,ALTA,ALIAS_SEGURO,ALIAS_CONOCIDO
SEDE,LEJANÍAS | CENTRO EDUCATIVO BARCELONA,SEDE EL EDÉN,SEDE EL EDEN,255,1,ALTA,ALIAS_SEGURO,ALIAS_CONOCIDO
SEDE,SAN MARTÍN | INSTITUCIÓN EDUCATIVA INTEGRADO DE SAN MARTIN,SEDE EL LIBERTADOR,SEDE EL LIBERTADOR,490,1,ALTA,ALIAS_SEGURO,ALIAS_CONOCIDO
SEDE,PUERTO CONCORDIA | CENTRO EDUCATIVO LA VEGA,SEDE EL PROGRESO,SEDE EL PROGRESO,330,1,ALTA,ALIAS_SEGURO,ALIAS_CONOCIDO
SEDE,LA MACARENA | INSTITUCIÓN EDUCATIVA SANTA TERESA,SEDE EL RETIRO,SEDE EL RETIRO,231,1,ALTA,ALIAS_SEGURO,ALIAS_CONOCIDO
SEDE,URIBE | INSTITUCIÓN EDUCATIVA RAFAEL URIBE URIBE,SEDE EL VERGEL,SEDE EL VERGEL,546,1,ALTA,ALIAS_SEGURO,ALIAS_CONOCIDO
SEDE,PUERTO RICO | CENTRO EDUCATIVO LAS PALMAS,SEDE ENRIQUE VALOYEX,SEDE ENRIQUE VALOYEX,433,1,ALTA,ALIAS_SEGURO,ALIAS_CONOCIDO
SEDE,PUERTO CONCORDIA | CENTRO EDUCATIVO LA VEGA,SEDE GENERAL SANTANDER,SEDE GENERAL SANTANDER,331,1,ALTA,ALIAS_SEGURO,ALIAS_CONOCIDO
SEDE,LEJANÍAS | CENTRO EDUCATIVO EL CONVENIO,SEDE ITALIA,SEDE ITALIA,257,1,ALTA,ALIAS_SEGURO,ALIAS_CONOCIDO
SEDE,CUMARAL | INSTITUCIÓN EDUCATIVA TENIENTE CRUZ PAREDES,SEDE JARDIN INFANTIL,SEDE JARDIN INFANTIL,53,1,ALTA,ALIAS_SEGURO,ALIAS_CONOCIDO
SEDE,GRANADA | INSTITUCIÓN EDUCATIVA LUIS CARLOS GALAN SARMIENTO,SEDE JORGE ELIECER GAITAN,SEDE JORGE ELIECER GAITAN,116,1,ALTA,ALIAS_SEGURO,ALIAS_CONOCIDO
SEDE,LA MACARENA | INSTITUCIÓN EDUCATIVA SANTA TERESA,SEDE JUAN BOSCO,SEDE JUAN BOSCO,232,1,ALTA,ALIAS_SEGURO,ALIAS_CONOCIDO
SEDE,SAN MARTÍN | INSTITUCIÓN EDUCATIVA INTEGRADO DE SAN MARTIN,SEDE JUAN JOSE RONDON,SEDE JUAN JOSE RONDON,492,1,ALTA,ALIAS_SEGURO,ALIAS_CONOCIDO
SEDE,VISTAHERMOSA | INSTITUCIÓN EDUCATIVA RAMON ARROYAVE,SEDE LA ALBANIA,SEDE LA ALBANIA,578,1,ALTA,ALIAS_SEGURO,ALIAS_CONOCIDO
SEDE,LEJANÍAS | CENTRO EDUCATIVO EL CONVENIO,SEDE LA AURORA,SEDE LA AURORA,244,1,ALTA,ALIAS_SEGURO,ALIAS_CONOCIDO
SEDE,LA MACARENA | INSTITUCIÓN EDUCATIVA TERCER MILENIO,SEDE LA BATALLA II,SEDE LA BATALLA II,188,1,ALTA,ALIAS_SEGURO,ALIAS_CONOCIDO
SEDE,FUENTE DE ORO | INSTITUCIÓN EDUCATIVA ANTONIO NARINO,SEDE LA COOPERATIVA,SEDE LA COOPERATIVA,75,1,ALTA,ALIAS_SEGURO,ALIAS_CONOCIDO
SEDE,SAN MARTÍN | CENTRO EDUCATIVO CAMOITA,SEDE LA CRISTALINA,SEDE LA CRISTALINA,487,1,ALTA,ALIAS_SEGURO,ALIAS_CONOCIDO
SEDE,LA MACARENA | CENTRO EDUCATIVO LA CATALINA,SEDE LA ESMERALDA,SEDE LA ESMERALDA,160,1,ALTA,ALIAS_SEGURO,ALIAS_CONOCIDO
SEDE,URIBE | INSTITUCIÓN EDUCATIVA RAFAEL URIBE URIBE,SEDE LA LIBERTAD,SEDE LA LIBERTAD,549,1,ALTA,ALIAS_SEGURO,ALIAS_CONOCIDO
SEDE,LA MACARENA | INSTITUCIÓN EDUCATIVA SANTA TERESA,SEDE LA ORQUIDEA,SEDE LA ORQUIDEA,234,1,ALTA,ALIAS_SEGURO,ALIAS_CONOCIDO
SEDE,LA MACARENA | INSTITUCIÓN EDUCATIVA SANTA TERESA,SEDE LA PRIMAVERA,SEDE LA PRIMAVERA,238,1,ALTA,ALIAS_SEGURO,ALIAS_CONOCIDO
SEDE,PUERTO LÓPEZ | CENTRO EDUCATIVO SERRANIA DEL MELUA,SEDE LA SANDRITA,SEDE LA SANDRITA,406,1,ALTA,ALIAS_SEGURO,ALIAS_CONOCIDO
SEDE,LA MACARENA | INSTITUCIÓN EDUCATIVA TERCER MILENIO,SEDE LA SOMBRA,SEDE LA SOMBRA,190,1,ALTA,ALIAS_SEGURO,ALIAS_CONOCIDO
SEDE,CUMARAL | INSTITUCIÓN EDUCATIVA SAN ISIDRO DE VERACRUZ,SEDE LA VENTUROSA,SEDE LA VENTUROSA,50,1,ALTA,ALIAS_SEGURO,ALIAS_CONOCIDO
SEDE,LA MACARENA | INSTITUCIÓN EDUCATIVA SANTA TERESA,SEDE LEJANIAS,SEDE LEJANIAS,236,1,ALTA,ALIAS_SEGURO,ALIAS_CONOCIDO
SEDE,PUERTO CONCORDIA | INSTITUCIÓN EDUCATIVA VALENTIN APARICIO PERSONA,SEDE LOS ANDES,SEDE LOS ANDES,355,1,ALTA,ALIAS_SEGURO,ALIAS_CONOCIDO
SEDE,SAN MARTÍN | INSTITUCIÓN EDUCATIVA MANUELA BELTRAN,SEDE LOS ANDES,SEDE LOS ANDES,501,1,ALTA,ALIAS_SEGURO,ALIAS_CONOCIDO
SEDE,LA MACARENA | INSTITUCIÓN EDUCATIVA BOCAS DEL PERDIDO,SEDE LOS LAURELES,SEDE LOS LAURELES,123,1,ALTA,ALIAS_SEGURO,ALIAS_CONOCIDO
SEDE,LEJANÍAS | INSTITUCIÓN EDUCATIVA GABRIELA MISTRAL,SEDE LOS LAURELES,SEDE LOS LAURELES,252,1,ALTA,ALIAS_SEGURO,ALIAS_CONOCIDO
SEDE,CABUYARO | CENTRO EDUCATIVO YARICO,SEDE LOS MANGOS,SEDE LOS MANGOS,30,1,ALTA,ALIAS_SEGURO,ALIAS_CONOCIDO
SEDE,LA MACARENA | INSTITUCIÓN EDUCATIVA BOCAS DEL PERDIDO,SEDE MEDIO LOZADA,SEDE MEDIO LOZADA,135,1,ALTA,ALIAS_SEGURO,ALIAS_CONOCIDO
SEDE,LA MACARENA | INSTITUCIÓN EDUCATIVA SANTA TERESA,SEDE MONTEBELLO,SEDE MONTEBELLO,227,1,ALTA,ALIAS_SEGURO,ALIAS_CONOCIDO
SEDE,PUERTO LLERAS | INSTITUCIÓN EDUCATIVA CHARCO TRECE,SEDE NUESTRA SEÑORA DE LA PAZ,SEDE NUESTRA SENORA DE LA PAZ,382,1,ALTA,ALIAS_SEGURO,ALIAS_CONOCIDO
SEDE,VISTAHERMOSA | INSTITUCIÓN EDUCATIVA LOS CENTAUROS,SEDE NUEVO HORIZONTE,SEDE NUEVO HORIZONTE,566,1,ALTA,ALIAS_SEGURO,ALIAS_CONOCIDO
SEDE,PUERTO CONCORDIA | CENTRO EDUCATIVO LA VEGA,SEDE PLAYA ALTA,SEDE PLAYA ALTA,332,1,ALTA,ALIAS_SEGURO,ALIAS_CONOCIDO
SEDE,LA MACARENA | INSTITUCIÓN EDUCATIVA TERCER MILENIO,SEDE POTRAS QUEBRADON,SEDE POTRAS QUEBRADON,193,1,ALTA,ALIAS_SEGURO,ALIAS_CONOCIDO
SEDE,PUERTO CONCORDIA | CENTRO EDUCATIVO LA VEGA,SEDE POZO AZUL,SEDE POZO AZUL,333,1,ALTA,ALIAS_SEGURO,ALIAS_CONOCIDO
SEDE,GRANADA | INSTITUCIÓN EDUCATIVA GENERAL SANTANDER,SEDE PRIMERO DE JUNIO,SEDE PRIMERO DE JUNIO,106,1,ALTA,ALIAS_SEGURO,ALIAS_CONOCIDO
SEDE,LEJANÍAS | CENTRO EDUCATIVO BARCELONA,SEDE PRINCIPAL BARCELONA,SEDE PRINCIPAL BARCELONA,256,1,ALTA,ALIAS_SEGURO,ALIAS_CONOCIDO
SEDE,MAPIRIPÁN | CENTRO EDUCATIVO DIVINO NINO JESUS,SEDE PRINCIPAL DIVINO NIÑO JESUS,SEDE PRINCIPAL DIVINO NINO JESUS,271,1,ALTA,ALIAS_SEGURO,ALIAS_CONOCIDO
SEDE,LEJANÍAS | CENTRO EDUCATIVO EL CONVENIO,SEDE PRINCIPAL EL CONVENIO,SEDE PRINCIPAL EL CONVENIO,258,1,ALTA,ALIAS_SEGURO,ALIAS_CONOCIDO
SEDE,VISTAHERMOSA | INSTITUCIÓN EDUCATIVA SANTO DOMINGO,SEDE PRINCIPAL NUEVA COLOMBIA,SEDE NUEVA COLOMBIA,593,1,ALTA,ALIAS_SEGURO,PREFIJO_SEDE
SEDE,PUERTO LÓPEZ | INSTITUCIÓN EDUCATIVA PUERTO GUADALUPE,SEDE PRINCIPAL PUERTO GUADALUPE,SEDE PRINCIPAL PUERTO GUADALUPE,415,1,ALTA,ALIAS_SEGURO,ALIAS_CONOCIDO
SEDE,PUERTO LÓPEZ | INSTITUCIÓN EDUCATIVA REMOLINO,SEDE PRINCIPAL REMOLINO,SEDE PRINCIPAL REMOLINO,418,1,ALTA,ALIAS_SEGURO,ALIAS_CONOCIDO
SEDE,PUERTO LÓPEZ | INSTITUCIÓN EDUCATIVA SANTA TERESA DE PACHAQUIARO,SEDE PRINCIPAL SIMON BOLIVAR,SEDE SIMON BOLIVAR,420,1,ALTA,ALIAS_SEGURO,PREFIJO_SEDE
SEDE,PUERTO LÓPEZ | CENTRO EDUCATIVO NUESTRA SENORA DE FATIMA,SEDE PUEBLO NUEVO,SEDE PUEBLO NUEVO,395,1,ALTA,ALIAS_SEGURO,ALIAS_CONOCIDO
SEDE,LA MACARENA | INSTITUCIÓN EDUCATIVA TERCER MILENIO,SEDE PUERTA AL YARI,SEDE PUERTA AL YARI,195,1,ALTA,ALIAS_SEGURO,ALIAS_CONOCIDO
SEDE,LA MACARENA | INSTITUCIÓN EDUCATIVA HECTOR IVAN HERNANDEZ,SEDE PUERTO LOZADA,SEDE PUERTO LOZADA,211,1,ALTA,ALIAS_SEGURO,ALIAS_CONOCIDO
SEDE,URIBE | INSTITUCIÓN EDUCATIVA RAFAEL URIBE URIBE,SEDE RAFAEL URIBE URIBE PRIMARIA,SEDE RAFAEL URIBE URIBE PRIMARIA,542,1,ALTA,ALIAS_SEGURO,ALIAS_CONOCIDO
SEDE,SAN MARTÍN | INSTITUCIÓN EDUCATIVA MANUELA BELTRAN,SEDE RAUL DE OLIVEIRA,SEDE RAUL DE OLIVEIRA,503,1,ALTA,ALIAS_SEGURO,ALIAS_CONOCIDO
SEDE,PUERTO CONCORDIA | CENTRO EDUCATIVO MI LLANURA,SEDE RESGUARDO INDIGENA CAÑO LA SAL,SEDE RESGUARDO INDIGENA CANO LA SAL,339,1,ALTA,ALIAS_SEGURO,ALIAS_CONOCIDO
SEDE,CASTILLA LA NUEVA | CENTRO EDUCATIVO CASTILLA LA NUEVA,SEDE SAN AGUSTIN,SAN AGUSTIN,41,1,ALTA,ALIAS_SEGURO,ALIAS_CONOCIDO
SEDE,PUERTO LLERAS | CENTRO EDUCATIVO TIERRA GRATA,SEDE SAN FERNANDO,SEDE SAN FERNANDO,367,1,ALTA,ALIAS_SEGURO,ALIAS_CONOCIDO
SEDE,PUERTO LÓPEZ | INSTITUCIÓN EDUCATIVA AGROPECUARIO DE PUERTO LOPEZ,SEDE SAN ISIDRO,SEDE SAN ISIDRO,411,1,ALTA,ALIAS_SEGURO,ALIAS_CONOCIDO
SEDE,LA MACARENA | CENTRO EDUCATIVO LA CATALINA,SEDE SAN JOSE,SEDE SAN JOSE,164,1,ALTA,ALIAS_SEGURO,ALIAS_CONOCIDO
SEDE,PUERTO CONCORDIA | CENTRO EDUCATIVO LA VEGA,SEDE SANTA ISABEL,SEDE SANTA ISABEL,335,1,ALTA,ALIAS_SEGURO,ALIAS_CONOCIDO
SEDE,LA MACARENA | CENTRO EDUCATIVO LA CATALINA,SEDE SANTA MARIA,SEDE SANTA MARIA,165,1,ALTA,ALIAS_SEGURO,ALIAS_CONOCIDO
SEDE,LA MACARENA | CENTRO EDUCATIVO LAS BRISAS,SEDE SANTA MARTHA,SEDE SANTA MARTHA,181,1,ALTA,ALIAS_SEGURO,ALIAS_CONOCIDO
SEDE,FUENTE DE ORO | INSTITUCIÓN EDUCATIVA ANTONIO NARINO,SEDE UNION DEL ARIARI,SEDE UNION DEL ARIARI,80,1,ALTA,ALIAS_SEGURO,ALIAS_CONOCIDO
SEDE,GRANADA | INSTITUCIÓN EDUCATIVA LUIS CARLOS GALAN SARMIENTO,SEDE VILLA UNION,SEDE VILLA UNION,118,1,ALTA,ALIAS_SEGURO,ALIAS_CONOCIDO