municipio,institucion,sede,modalidad,requeridas,asignadas_propuestas,diferencia,estado
ACACÍAS,INSTITUCIÓN EDUCATIVA SAN ISIDRO DE CHICHIMENE,SEDE PRINCIPAL SAN ISIDRO DE CHICHIMENE,CAJM/JT-RI,1,0,-1,DEFICIT
ACACÍAS,INSTITUCIÓN EDUCATIVA SAN ISIDRO DE CHICHIMENE,SEDE PRINCIPAL SAN ISIDRO DE CHICHIMENE,CAJU-RI,1,2,1,EXCESO
FUENTE DE ORO,INSTITUCIÓN EDUCATIVA ANTONIO NARINO,SEDE PRINCIPAL ANTONIO NARINO,CAARES,2,2,0,COMPLETA
GUAMAL,INSTITUCIÓN EDUCATIVA JOSE MARIA CORDOBA,SEDE PRINCIPAL JOSE MARIA CORDOBA,CAJM/JT-RI,4,4,0,COMPLETA
LA MACARENA,INSTITUCIÓN EDUCATIVA NUESTRA SENORA DE LA MACARENA,SEDE PRINCIPAL NUESTRA SENORA DE LA MACARENA,CAA-JU,2,0,-2,DEFICIT
LA MACARENA,INSTITUCIÓN EDUCATIVA HECTOR IVAN HERNANDEZ,SEDE BOCANA CANO GRINGO,CAJM/JT-RI,0,0,0,COMPLETA
LA MACARENA,INSTITUCIÓN EDUCATIVA SANTA TERESA,SEDE MONTEBELLO,CAA,1,1,0,COMPLETA
LA MACARENA,INSTITUCIÓN EDUCATIVA SANTA TERESA,SEDE BAJO SAN ANTONIO,CAJM/JT-RI,0,0,0,COMPLETA
PUERTO CONCORDIA,INSTITUCIÓN EDUCATIVA PUERTO IRIS,SEDE LA VALLENATA,CAJU-RI,0,0,0,COMPLETA
VISTAHERMOSA,CENTRO EDUCATIVO PUERTO LUCAS MARGEN DERECHA,SEDE GENERAL SANTANDER,CAJM/JT-RI,0,0,0,COMPLETA
ACACÍAS,INSTITUCIÓN EDUCATIVA ESCUELA NORMAL SUPERIOR DE ACACIAS,SEDE EL PLAYON,CAA,1,1,0,COMPLETA
ACACÍAS,INSTITUCIÓN EDUCATIVA ESCUELA NORMAL SUPERIOR DE ACACIAS,SEDE PRINCIPAL ESCUELA NORMAL SUPERIOR DE ACACIAS,CAJM/JT-RI,4,3,-1,DEFICIT
ACACÍAS,INSTITUCIÓN EDUCATIVA GABRIELA MISTRAL,SEDE PRINCIPAL GABRIELA MISTRAL,CAA,4,3,-1,DEFICIT
ACACÍAS,INSTITUCIÓN EDUCATIVA GABRIELA MISTRAL,SEDE SAN NICOLAS,CAJM/JT-RI,1,1,0,COMPLETA
ACACÍAS,INSTITUCIÓN EDUCATIVA JUAN ROZO,SEDE ANTONIO NARINO,CAA,4,4,0,COMPLETA
ACACÍAS,INSTITUCIÓN EDUCATIVA JUAN ROZO,SEDE ENRIQUE DANIELS,CAJM/JT-RI,2,0,-2,DEFICIT
ACACÍAS,INSTITUCIÓN EDUCATIVA JUAN ROZO,SEDE PABLO SEXTO,CAJM/JT-RI,1,1,0,COMPLETA
ACACÍAS,INSTITUCIÓN EDUCATIVA JUAN ROZO,SEDE PRINCIPAL JUAN ROZO,CAJM/JT-RI,3,3,0,COMPLETA
ACACÍAS,INSTITUCIÓN EDUCATIVA JUAN ROZO,SEDE RAFAEL POMBO,CAJM/JT-RI,2,2,0,COMPLETA
ACACÍAS,INSTITUCIÓN EDUCATIVA LUIS CARLOS GALAN SARMIENTO,SEDE PRINCIPAL LUIS CARLOS GALAN SARMIENTO,CAJM/JT-RI,3,3,0,COMPLETA
ACACÍAS,INSTITUCIÓN EDUCATIVA MARIA MONTESSORI,SEDE PRINCIPAL MARIA MONTESSORI,CAJM/JT-RI,3,3,0,COMPLETA
ACACÍAS,INSTITUCIÓN EDUCATIVA SAN ISIDRO DE CHICHIMENE,SEDE EL TRIUNFO,CAJM/JT-RI,0,0,0,COMPLETA
ACACÍAS,INSTITUCIÓN EDUCATIVA SAN ISIDRO DE CHICHIMENE,SEDE LA ESMERALDA,CAA,1,1,0,COMPLETA
ACACÍAS,INSTITUCIÓN EDUCATIVA SAN ISIDRO DE CHICHIMENE,SEDE LA UNION,CAA,1,1,0,COMPLETA
ACACÍAS,INSTITUCIÓN EDUCATIVA SAN ISIDRO DE CHICHIMENE,SEDE LOMA DE TIGRE,CAJM/JT-RI,0,0,0,COMPLETA
ACACÍAS,INSTITUCIÓN EDUCATIVA SAN ISIDRO DE CHICHIMENE,SEDE MANUELA BELTRAN,CAJM/JT-RI,0,0,0,COMPLETA
ACACÍAS,INSTITUCIÓN EDUCATIVA SAN ISIDRO DE CHICHIMENE,SEDE MONTEBELLO,CAJM/JT-RI,0,0,0,COMPLETA
ACACÍAS,INSTITUCIÓN EDUCATIVA SAN ISIDRO DE CHICHIMENE,SEDE PRINCIPAL SAN ISIDRO DE CHICHIMENE,CAA-JU,3,3,0,COMPLETA
ACACÍAS,INSTITUCIÓN EDUCATIVA SAN ISIDRO DE CHICHIMENE,SEDE PRINCIPAL SAN ISIDRO DE CHICHIMENE,CAARES,2,2,0,COMPLETA
ACACÍAS,INSTITUCIÓN EDUCATIVA SAN ISIDRO DE CHICHIMENE,SEDE SANTA ROSA,CAA,1,1,0,COMPLETA
ACACÍAS,INSTITUCIÓN EDUCATIVA PABLO EMILIO RIVEROS,SEDE EL DORADO,CAJM/JT-RI,2,2,0,COMPLETA
ACACÍAS,INSTITUCIÓN EDUCATIVA PABLO EMILIO RIVEROS,SEDE PRINCIPAL PABLO EMILIO RIVEROS,CAJM/JT-RI,4,3,-1,DEFICIT
ACACÍAS,INSTITUCIÓN EDUCATIVA JUAN HUMBERTO BAQUERO SOLER,SEDE PRINCIPAL EL CARMEN,CAA,4,4,0,COMPLETA
ACACÍAS,INSTITUCIÓN EDUCATIVA JUAN HUMBERTO BAQUERO SOLER,SEDE JUAN HUMBERTO BAQUERO SOLER,CAJM/JT-RI,2,2,0,COMPLETA
BARRANCA DE UPÍA,INSTITUCIÓN EDUCATIVA FRANCISCO WALTER,SEDE JORGE ELIECER GAITAN,CAJU-RI,3,3,0,COMPLETA
BARRANCA DE UPÍA,INSTITUCIÓN EDUCATIVA FRANCISCO WALTER,SEDE JORGE ELIECER GAITAN,CAA-JU,5,5,0,COMPLETA
BARRANCA DE UPÍA,INSTITUCIÓN EDUCATIVA FRANCISCO WALTER,SEDE PRINCIPAL FRANCISCO WALTER,CAJM/JT-RI,3,3,0,COMPLETA
BARRANCA DE UPÍA,INSTITUCIÓN EDUCATIVA FRANCISCO WALTER,SEDE PRINCIPAL FRANCISCO WALTER,CAA,3,3,0,COMPLETA
CABUYARO,CENTRO EDUCATIVO SAN FELIPE,SEDE LA EMBAJADA,CAJM/JT-RI,0,0,0,COMPLETA
CABUYARO,CENTRO EDUCATIVO SAN FELIPE,SEDE PRINCIPAL SAN FELIPE,CAJM/JT-RI,1,1,0,COMPLETA
CABUYARO,CENTRO EDUCATIVO SAN FELIPE,SEDE SANTA ISABEL,CAJM/JT-RI,0,0,0,COMPLETA
CABUYARO,CENTRO EDUCATIVO YARICO,SEDE EL VERGEL,CAJM/JT-RI,0,0,0,COMPLETA
CABUYARO,CENTRO EDUCATIVO YARICO,SEDE LOS MANGOS,CAJM/JT-RI,1,1,0,COMPLETA
CABUYARO,CENTRO EDUCATIVO YARICO,SEDE PALOMAS,CAJM/JT-RI,0,0,0,COMPLETA
CABUYARO,CENTRO EDUCATIVO YARICO,SEDE SAN PEDRO,CAJM/JT-RI,0,0,0,COMPLETA
CABUYARO,INSTITUCIÓN EDUCATIVA CABUYARO,SEDE PRINCIPAL CABUYARO,CAJM/JT-RI,4,4,0,COMPLETA
CABUYARO,INSTITUCIÓN EDUCATIVA CABUYARO,SEDE PRINCIPAL CABUYARO,CAARES,3,3,0,COMPLETA
CASTILLA LA NUEVA,CENTRO EDUCATIVO CASTILLA LA NUEVA,SEDE ALTO BETANIA,CAJU-RI,0,0,0,COMPLETA
CASTILLA LA NUEVA,CENTRO EDUCATIVO CASTILLA LA NUEVA,SEDE CANO GRANDE,CAJU-RI,0,0,0,COMPLETA
CASTILLA LA NUEVA,CENTRO EDUCATIVO CASTILLA LA NUEVA,SEDE EL PROGRESO,CAJU-RI,0,0,0,COMPLETA
CASTILLA LA NUEVA,CENTRO EDUCATIVO CASTILLA LA NUEVA,SEDE LA REPRESA,CAJU-RI,0,0,0,COMPLETA
CASTILLA LA NUEVA,CENTRO EDUCATIVO CASTILLA LA NUEVA,SEDE EL TORO,CAJU-RI,0,0,0,COMPLETA
CASTILLA LA NUEVA,CENTRO EDUCATIVO CASTILLA LA NUEVA,SEDE EL TRIUNFO,CAJU-RI,0,0,0,COMPLETA
CASTILLA LA NUEVA,CENTRO EDUCATIVO CASTILLA LA NUEVA,SEDE PRINCIPAL LAS VIOLETAS,CAJU-RI,0,0,0,COMPLETA
CASTILLA LA NUEVA,CENTRO EDUCATIVO CASTILLA LA NUEVA,SAN AGUSTIN,CAJU-RI,1,1,0,COMPLETA
CASTILLA LA NUEVA,CENTRO EDUCATIVO CASTILLA LA NUEVA,SEDE SABANAS DEL ROSARIO,CAJU-RI,0,0,0,COMPLETA
CASTILLA LA NUEVA,CENTRO EDUCATIVO CASTILLA LA NUEVA,SEDE SAN JOSE DEL TURUY,CAJU-RI,0,0,0,COMPLETA
CASTILLA LA NUEVA,INSTITUCIÓN EDUCATIVA HENRY DANIELS,SEDE PRINCIPAL HENRY DANIELS,CAJU-RI,4,4,0,COMPLETA
CASTILLA LA NUEVA,INSTITUCIÓN EDUCATIVA SAN LORENZO,SEDE PRINCIPAL SAN LORENZO,CAJU-RI,4,3,-1,DEFICIT
CUMARAL,INSTITUCIÓN EDUCATIVA AGRICOLA DE GUACAVIA,SEDE PRINCIPAL AGRICOLA DE GUACAVIA,CAJM/JT-RI,2,2,0,COMPLETA
CUMARAL,INSTITUCIÓN EDUCATIVA AGRICOLA DE GUACAVIA,SEDE PRINCIPAL AGRICOLA DE GUACAVIA,CAA,3,3,0,COMPLETA
CUMARAL,INSTITUCIÓN EDUCATIVA AGRICOLA DE GUACAVIA,SEDE PRINCIPAL AGRICOLA DE GUACAVIA,CAARES,2,2,0,COMPLETA
CUMARAL,INSTITUCIÓN EDUCATIVA JOSE ANTONIO GALAN,SEDE JOSE MARIA CORDOBA,CAJM/JT-RI,3,3,0,COMPLETA
CUMARAL,INSTITUCIÓN EDUCATIVA JOSE ANTONIO GALAN,SEDE JOSE MARIA CORDOBA,CAA,3,2,-1,DEFICIT
CUMARAL,INSTITUCIÓN EDUCATIVA JOSE ANTONIO GALAN,SEDE PRINCIPAL JOSE ANTONIO GALAN,CAJM/JT-RI,4,4,0,COMPLETA
CUMARAL,INSTITUCIÓN EDUCATIVA SAN ISIDRO DE VERACRUZ,SEDE CUARTELES,CAJM/JT-RI,0,0,0,COMPLETA
CUMARAL,INSTITUCIÓN EDUCATIVA SAN ISIDRO DE VERACRUZ,SEDE LA VENTUROSA,CAA,1,2,1,EXCESO
CUMARAL,INSTITUCIÓN EDUCATIVA SAN ISIDRO DE VERACRUZ,SEDE PRINCIPAL SAN ISIDRO DE VERACRUZ,CAJM/JT-RI,0,0,0,COMPLETA
CUMARAL,INSTITUCIÓN EDUCATIVA SAN ISIDRO DE VERACRUZ,SEDE PRINCIPAL SAN ISIDRO DE VERACRUZ,CAJU-RI,2,2,0,COMPLETA
CUMARAL,INSTITUCIÓN EDUCATIVA SAN ISIDRO DE VERACRUZ,SEDE PRINCIPAL SAN ISIDRO DE VERACRUZ,CAA-JU,4,5,1,EXCESO
CUMARAL,INSTITUCIÓN EDUCATIVA SAN ISIDRO DE VERACRUZ,SEDE RANCHERIAS,CAJM/JT-RI,0,0,0,COMPLETA
CUMARAL,INSTITUCIÓN EDUCATIVA TENIENTE CRUZ PAREDES,SEDE JARDIN INFANTIL,CAJM/JT-RI,1,1,0,COMPLETA
CUMARAL,INSTITUCIÓN EDUCATIVA TENIENTE CRUZ PAREDES,SEDE PRESENTADO,CAJM/JT-RI,0,0,0,COMPLETA
CUMARAL,INSTITUCIÓN EDUCATIVA TENIENTE CRUZ PAREDES,SEDE PRINCIPAL TENIENTE CRUZ PAREDES,CAA,2,2,0,COMPLETA
CUMARAL,INSTITUCIÓN EDUCATIVA TENIENTE CRUZ PAREDES,SEDE PRINCIPAL TENIENTE CRUZ PAREDES,CAJM/JT-RI,4,4,0,COMPLETA
EL CALVARIO,INSTITUCIÓN EDUCATIVA JUAN BAUTISTA ARNAUD,SEDE PRINCIPAL JUAN BAUTISTA ARNAUD,CAJM/JT-RI,0,0,0,COMPLETA
EL CALVARIO,INSTITUCIÓN EDUCATIVA JUAN BAUTISTA ARNAUD,SEDE PRINCIPAL JUAN BAUTISTA ARNAUD,CAARES,4,4,0,COMPLETA
EL CALVARIO,INSTITUCIÓN EDUCATIVA JUAN BAUTISTA ARNAUD,SEDE SAN PEDRO,CAJM/JT-RI,0,0,0,COMPLETA
EL CALVARIO,INSTITUCIÓN EDUCATIVA SIMON BOLIVAR,SEDE PRINCIPAL SIMON BOLIVAR,CAJU-RI,0,0,0,COMPLETA
EL CALVARIO,INSTITUCIÓN EDUCATIVA SIMON BOLIVAR,SEDE PRINCIPAL SIMON BOLIVAR,CAA-JU,1,1,0,COMPLETA
EL CALVARIO,INSTITUCIÓN EDUCATIVA SIMON BOLIVAR,SEDE PRINCIPAL SIMON BOLIVAR,CAARES,4,4,0,COMPLETA
EL CALVARIO,INSTITUCIÓN EDUCATIVA SIMON BOLIVAR,SEDE SAN ANTONIO ALTO,CAJM/JT-RI,0,0,0,COMPLETA
EL CASTILLO,CENTRO EDUCATIVO EL ENCANTO,SEDE CANO CLARO,CAJM/JT-RI,0,0,0,COMPLETA
EL CASTILLO,CENTRO EDUCATIVO EL ENCANTO,SEDE CANO LINDO,CAJM/JT-RI,0,0,0,COMPLETA
EL CASTILLO,CENTRO EDUCATIVO EL ENCANTO,SEDE LA CIMA,CAJM/JT-RI,0,0,0,COMPLETA
EL CASTILLO,CENTRO EDUCATIVO EL ENCANTO,SEDE LA ESMERALDA,CAJM/JT-RI,0,0,0,COMPLETA
EL CASTILLO,CENTRO EDUCATIVO EL ENCANTO,SEDE MIRAVALLES,CAJM/JT-RI,0,0,0,COMPLETA
EL CASTILLO,CENTRO EDUCATIVO EL ENCANTO,SEDE PRINCIPAL EL ENCANTO,CAA,1,1,0,COMPLETA
EL CASTILLO,CENTRO EDUCATIVO EL ENCANTO,SEDE PRINCIPAL EL ENCANTO,CAARES,2,2,0,COMPLETA
EL CASTILLO,INSTITUCIÓN EDUCATIVA OVIDIO DECROLY,SEDE JORGE ELIECER GAITAN,CAA,3,3,0,COMPLETA
EL CASTILLO,INSTITUCIÓN EDUCATIVA OVIDIO DECROLY,SEDE PRINCIPAL OVIDIO DECROLY,CAA,5,5,0,COMPLETA
EL CASTILLO,INSTITUCIÓN EDUCATIVA OVIDIO DECROLY,SEDE PRINCIPAL OVIDIO DECROLY,CAARES,2,2,0,COMPLETA
EL DORADO,INSTITUCIÓN EDUCATIVA EL DORADO,SEDE PRINCIPAL EL DORADO,CAJM/JT-RI,2,2,0,COMPLETA
EL DORADO,INSTITUCIÓN EDUCATIVA EL DORADO,SEDE PUEBLO SANCHEZ,CAA,1,1,0,COMPLETA
EL DORADO,INSTITUCIÓN EDUCATIVA EL DORADO,SEDE PUEBLO SANCHEZ,CAARES,2,2,0,COMPLETA
EL DORADO,INSTITUCIÓN EDUCATIVA EL DORADO,SEDE SAN ISIDRO,CAA,2,2,0,COMPLETA
FUENTE DE ORO,INSTITUCIÓN EDUCATIVA ANTONIO NARINO,SEDE ALTAMIRA,CAJM/JT-RI,0,0,0,COMPLETA
FUENTE DE ORO,INSTITUCIÓN EDUCATIVA ANTONIO NARINO,SEDE BARRANCO COLORADO,CAJM/JT-RI,0,0,0,COMPLETA
FUENTE DE ORO,INSTITUCIÓN EDUCATIVA ANTONIO NARINO,SEDE CANO VENADO,CAA,1,1,0,COMPLETA
FUENTE DE ORO,INSTITUCIÓN EDUCATIVA ANTONIO NARINO,SEDE JUAN JOSE RONDON,CAJM/JT-RI,0,0,0,COMPLETA
FUENTE DE ORO,INSTITUCIÓN EDUCATIVA ANTONIO NARINO,SEDE LA COOPERATIVA,CAA,1,1,0,COMPLETA
FUENTE DE ORO,INSTITUCIÓN EDUCATIVA ANTONIO NARINO,SEDE LAS DELICIAS,CAJM/JT-RI,0,0,0,COMPLETA
FUENTE DE ORO,INSTITUCIÓN EDUCATIVA ANTONIO NARINO,SEDE MOGOTES,CAJM/JT-RI,0,0,0,COMPLETA
FUENTE DE ORO,INSTITUCIÓN EDUCATIVA ANTONIO NARINO,SEDE PRINCIPAL ANTONIO NARINO,CAA,3,3,0,COMPLETA
FUENTE DE ORO,INSTITUCIÓN EDUCATIVA ANTONIO NARINO,SEDE RAFAEL POMBO,CAJM/JT-RI,0,0,0,COMPLETA
FUENTE DE ORO,INSTITUCIÓN EDUCATIVA ANTONIO NARINO,SEDE UNION DEL ARIARI,CAA,1,1,0,COMPLETA
FUENTE DE ORO,INSTITUCIÓN EDUCATIVA ANTONIO NARINO,SEDE URICACHA,CAJM/JT-RI,0,0,0,COMPLETA
FUENTE DE ORO,INSTITUCIÓN EDUCATIVA ANTONIO NARINO,SEDE VILLA RESTREPO,CAJM/JT-RI,0,0,0,COMPLETA
FUENTE DE ORO,INSTITUCIÓN EDUCATIVA EL PROGRESO,SEDE BONANZA,CAJM/JT-RI,0,0,0,COMPLETA
FUENTE DE ORO,INSTITUCIÓN EDUCATIVA EL PROGRESO,SEDE EL PORVENIR,CAJM/JT-RI,0,0,0,COMPLETA
FUENTE DE ORO,INSTITUCIÓN EDUCATIVA EL PROGRESO,SEDE LA PRIMAVERA,CAJM/JT-RI,0,0,0,COMPLETA
FUENTE DE ORO,INSTITUCIÓN EDUCATIVA EL PROGRESO,SEDE PRINCIPAL EL PROGRESO,CAJM/JT-RI,1,1,0,COMPLETA
FUENTE DE ORO,INSTITUCIÓN EDUCATIVA EL PROGRESO,SEDE PRINCIPAL EL PROGRESO,CAA,3,3,0,COMPLETA
FUENTE DE ORO,INSTITUCIÓN EDUCATIVA EL PROGRESO,SEDE SANTA CECILIA,CAJM/JT-RI,0,0,0,COMPLETA
FUENTE DE ORO,INSTITUCIÓN EDUCATIVA SAN ANTONIO DEL ARIARI,SEDE PRINCIPAL SAN ANTONIO DEL ARIARI,CAA,6,9,3,EXCESO
GRANADA,INSTITUCIÓN EDUCATIVA AGRICOLA LA HOLANDA,SEDE PRINCIPAL AGRICOLA LA HOLANDA,CAJM/JT-RI,3,3,0,COMPLETA
GRANADA,INSTITUCIÓN EDUCATIVA AGRICOLA LA HOLANDA,SEDE PRINCIPAL AGRICOLA LA HOLANDA,CAA,3,3,0,COMPLETA
GRANADA,INSTITUCIÓN EDUCATIVA AGRICOLA LA HOLANDA,SEDE PRINCIPAL AGRICOLA LA HOLANDA,CAARES,3,3,0,COMPLETA
GRANADA,INSTITUCIÓN EDUCATIVA BRISAS DE IRIQUE,SEDE JORGE SCHACHNER,CAJM/JT-RI,3,0,-3,DEFICIT
GRANADA,INSTITUCIÓN EDUCATIVA BRISAS DE IRIQUE,SEDE PRINCIPAL CANDELARIA AVENDANO,CAJM/JT-RI,2,0,-2,DEFICIT
GRANADA,INSTITUCIÓN EDUCATIVA BRISAS DE IRIQUE,SEDE PRINCIPAL CANDELARIA AVENDANO,CAJU-RI,3,7,4,EXCESO
GRANADA,INSTITUCIÓN EDUCATIVA BRISAS DE IRIQUE,SEDE PRINCIPAL CANDELARIA AVENDANO,CAA-JU,5,5,0,COMPLETA
GRANADA,INSTITUCIÓN EDUCATIVA CAMILO TORRES,SEDE ALFONSO MONTOYA PAVA,CAJM/JT-RI,3,3,0,COMPLETA
GRANADA,INSTITUCIÓN EDUCATIVA CAMILO TORRES,SEDE ANTONIO RICAURTE,CAA,4,4,0,COMPLETA
GRANADA,INSTITUCIÓN EDUCATIVA CAMILO TORRES,SEDE CLUB DE LEONES,CAA,4,4,0,COMPLETA
GRANADA,INSTITUCIÓN EDUCATIVA CAMILO TORRES,SEDE EL BOSQUE,CAJM/JT-RI,1,1,0,COMPLETA
GRANADA,INSTITUCIÓN EDUCATIVA CAMILO TORRES,SEDE MONTOYITA,CAJM/JT-RI,0,0,0,COMPLETA
GRANADA,INSTITUCIÓN EDUCATIVA CAMILO TORRES,SEDE PRINCIPAL CAMILO TORRES,CAJM/JT-RI,4,4,0,COMPLETA
GRANADA,INSTITUCIÓN EDUCATIVA DOS QUEBRADAS,SEDE EL CRUCERO,CAJM/JT-RI,0,0,0,COMPLETA
GRANADA,INSTITUCIÓN EDUCATIVA DOS QUEBRADAS,SEDE GUANAYITAS,CAJM/JT-RI,0,0,0,COMPLETA
GRANADA,INSTITUCIÓN EDUCATIVA DOS QUEBRADAS,SEDE JORGE ELIECER GAITAN,CAJM/JT-RI,0,0,0,COMPLETA
GRANADA,INSTITUCIÓN EDUCATIVA DOS QUEBRADAS,SEDE LA RIVERA,CAJM/JT-RI,0,0,0,COMPLETA
GRANADA,INSTITUCIÓN EDUCATIVA DOS QUEBRADAS,SEDE PRINCIPAL DOS QUEBRADAS,CAA,3,3,0,COMPLETA
GRANADA,INSTITUCIÓN EDUCATIVA DOS QUEBRADAS,SEDE SARDINATA,CAJM/JT-RI,0,0,0,COMPLETA
GRANADA,INSTITUCIÓN EDUCATIVA ESCUELA NORMAL SUPERIOR MARIA AUXILIADORA,SEDE PRINCIPAL ESCUELA NORMAL SUPERIOR MARIA AUXILIADORA,CAJM/JT-RI,4,4,0,COMPLETA
GRANADA,INSTITUCIÓN EDUCATIVA ESCUELA NORMAL SUPERIOR MARIA AUXILIADORA,SEDE PRINCIPAL ESCUELA NORMAL SUPERIOR MARIA AUXILIADORA,CAARES,2,2,0,COMPLETA
GRANADA,INSTITUCIÓN EDUCATIVA GENERAL SANTANDER,SEDE EL AMPARO,CAA,3,3,0,COMPLETA
GRANADA,INSTITUCIÓN EDUCATIVA GENERAL SANTANDER,SEDE PRIMERO DE JUNIO,CAJM/JT-RI,1,1,0,COMPLETA
GRANADA,INSTITUCIÓN EDUCATIVA GENERAL SANTANDER,SEDE PRINCIPAL GENERAL SANTANDER,CAJM/JT-RI,4,4,0,COMPLETA
GRANADA,INSTITUCIÓN EDUCATIVA JOSE ANTONIO GALAN,SEDE ANTONIO JOSE DE SUCRE,CAJM/JT-RI,0,0,0,COMPLETA
GRANADA,INSTITUCIÓN EDUCATIVA JOSE ANTONIO GALAN,SEDE EL GUAPE,CAJM/JT-RI,0,0,0,COMPLETA
GRANADA,INSTITUCIÓN EDUCATIVA JOSE ANTONIO GALAN,SEDE FLORIDA BAJA,CAJM/JT-RI,0,0,0,COMPLETA
GRANADA,INSTITUCIÓN EDUCATIVA JOSE ANTONIO GALAN,SEDE JUAN XXIII,CAA,2,2,0,COMPLETA
GRANADA,INSTITUCIÓN EDUCATIVA JOSE ANTONIO GALAN,SEDE LA MARIELA,CAJM/JT-RI,0,0,0,COMPLETA
GRANADA,INSTITUCIÓN EDUCATIVA JOSE ANTONIO GALAN,SEDE LA PALMILLA,CAJM/JT-RI,0,0,0,COMPLETA
GRANADA,INSTITUCIÓN EDUCATIVA JOSE ANTONIO GALAN,SEDE PRINCIPAL JOSE ANTONIO GALAN,CAA,3,3,0,COMPLETA
GRANADA,INSTITUCIÓN EDUCATIVA LUIS CARLOS GALAN SARMIENTO,SEDE EL PORVENIR,CAJM/JT-RI,2,2,0,COMPLETA
GRANADA,INSTITUCIÓN EDUCATIVA LUIS CARLOS GALAN SARMIENTO,SEDE JORGE ELIECER GAITAN,CAJM/JT-RI,1,0,-1,DEFICIT
GRANADA,INSTITUCIÓN EDUCATIVA LUIS CARLOS GALAN SARMIENTO,SEDE PRINCIPAL LUIS CARLOS GALAN SARMIENTO,CAJM/JT-RI,4,4,0,COMPLETA
GRANADA,INSTITUCIÓN EDUCATIVA LUIS CARLOS GALAN SARMIENTO,SEDE VILLA UNION,CAJM/JT-RI,1,1,0,COMPLETA
GRANADA,INSTITUCIÓN EDUCATIVA SANTA MARIA MAZZARELLO,SEDE PRINCIPAL SANTA MARIA MAZZARELLO,CAJM/JT-RI,1,1,0,COMPLETA
GRANADA,INSTITUCIÓN EDUCATIVA SANTA MARIA MAZZARELLO,SEDE PRINCIPAL SANTA MARIA MAZZARELLO,CAA,2,2,0,COMPLETA
GRANADA,INSTITUCIÓN EDUCATIVA SANTA MARIA MAZZARELLO,SEDE PRINCIPAL SANTA MARIA MAZZARELLO,CAARES,4,4,0,COMPLETA
GRANADA,INSTITUCIÓN EDUCATIVA VALENTIN GARCIA,SEDE MAKATOA,CAA,3,3,0,COMPLETA
GRANADA,INSTITUCIÓN EDUCATIVA VALENTIN GARCIA,SEDE PRINCIPAL VALENTIN GARCIA,CAJM/JT-RI,3,3,0,COMPLETA
LA MACARENA,INSTITUCIÓN EDUCATIVA BOCAS DEL PERDIDO,SEDE LOS LAURELES,CAJM/JT-RI,1,1,0,COMPLETA
LA MACARENA,INSTITUCIÓN EDUCATIVA BOCAS DEL PERDIDO,SEDE ALTO LOZADA,CAJM/JT-RI,0,0,0,COMPLETA
LA MACARENA,INSTITUCIÓN EDUCATIVA BOCAS DEL PERDIDO,SEDE PRINCIPAL BOCAS DEL PERDIDO,CAJM/JT-RI,0,0,0,COMPLETA
LA MACARENA,INSTITUCIÓN EDUCATIVA BOCAS DEL PERDIDO,SEDE CANO JAIME,CAJM/JT-RI,0,0,0,COMPLETA
LA MACARENA,INSTITUCIÓN EDUCATIVA BOCAS DEL PERDIDO,SEDE AGUA BONITA,CAJM/JT-RI,0,0,0,COMPLETA
LA MACARENA,INSTITUCIÓN EDUCATIVA BOCAS DEL PERDIDO,SEDE BRISAS DEL LOZADA,CAA,1,1,0,COMPLETA
LA MACARENA,INSTITUCIÓN EDUCATIVA BOCAS DEL PERDIDO,SEDE EL CAIMAN,CAJM/JT-RI,0,0,0,COMPLETA
LA MACARENA,INSTITUCIÓN EDUCATIVA BOCAS DEL PERDIDO,SEDE EL PARAISO,CAJM/JT-RI,0,0,0,COMPLETA
LA MACARENA,INSTITUCIÓN EDUCATIVA BOCAS DEL PERDIDO,SEDE EL PROGRESO,CAJM/JT-RI,0,0,0,COMPLETA
LA MACARENA,INSTITUCIÓN EDUCATIVA BOCAS DEL PERDIDO,SEDE EL TURPIAL,CAJM/JT-RI,0,0,0,COMPLETA
LA MACARENA,INSTITUCIÓN EDUCATIVA BOCAS DEL PERDIDO,SEDE FRANCISCO JOSE DE CALDAS,CAJM/JT-RI,0,0,0,COMPLETA
LA MACARENA,INSTITUCIÓN EDUCATIVA BOCAS DEL PERDIDO,SEDE LOS ANDES,CAJM/JT-RI,0,0,0,COMPLETA
LA MACARENA,INSTITUCIÓN EDUCATIVA BOCAS DEL PERDIDO,SEDE MEDIO LOZADA,CAA,1,1,0,COMPLETA
LA MACARENA,INSTITUCIÓN EDUCATIVA EL RUBI,SEDE PRINCIPAL EL RUBI,CAA,2,2,0,COMPLETA
LA MACARENA,INSTITUCIÓN EDUCATIVA EL RUBI,SEDE PRINCIPAL EL RUBI,CAARES,3,3,0,COMPLETA
LA MACARENA,INSTITUCIÓN EDUCATIVA EL RUBI,SEDE AIRES DEL META,CAJM/JT-RI,0,0,0,COMPLETA
LA MACARENA,INSTITUCIÓN EDUCATIVA EL RUBI,SEDE EL TOPACIO II,CAJM/JT-RI,0,0,0,COMPLETA
LA MACARENA,INSTITUCIÓN EDUCATIVA EL RUBI,SEDE JORDANIA,CAJM/JT-RI,0,0,0,COMPLETA
LA MACARENA,INSTITUCIÓN EDUCATIVA EL RUBI,SEDE LA DORADA,CAJM/JT-RI,0,0,0,COMPLETA
LA MACARENA,INSTITUCIÓN EDUCATIVA EL RUBI,SEDE LA Y DEL GUAYABERO,CAJM/JT-RI,0,0,0,COMPLETA
LA MACARENA,INSTITUCIÓN EDUCATIVA EL RUBI,SEDE LAS GAVIOTAS,CAJM/JT-RI,0,0,0,COMPLETA
LA MACARENA,INSTITUCIÓN EDUCATIVA EL RUBI,SEDE MANZANARES,CAJM/JT-RI,0,0,0,COMPLETA
LA MACARENA,INSTITUCIÓN EDUCATIVA EL RUBI,SEDE PORTUGAL,CAJM/JT-RI,0,0,0,COMPLETA
LA MACARENA,INSTITUCIÓN EDUCATIVA EL RUBI,SEDE RUBITORIA,CAJM/JT-RI,0,0,0,COMPLETA
LA MACARENA,INSTITUCIÓN EDUCATIVA EL RUBI,SEDE VEGAS DEL GUAYABERO,CAJM/JT-RI,0,0,0,COMPLETA
LA MACARENA,INSTITUCIÓN EDUCATIVA EL RUBI,SEDE VERSALLES,CAJM/JT-RI,0,0,0,COMPLETA
LA MACARENA,INSTITUCIÓN EDUCATIVA EL RUBI,SEDE VILLANUEVA,CAJM/JT-RI,0,0,0,COMPLETA
LA MACARENA,INSTITUCIÓN EDUCATIVA EL RUBI,SEDE MIRAVALLE,CAJM/JT-RI,0,0,0,COMPLETA
LA MACARENA,INSTITUCIÓN EDUCATIVA EL RUBI,SEDE AIRES DEL DIAMANTE,CAJM/JT-RI,0,0,0,COMPLETA
LA MACARENA,INSTITUCIÓN EDUCATIVA EL RUBI,SEDE NAPOLES,CAJM/JT-RI,0,0,0,COMPLETA
LA MACARENA,INSTITUCIÓN EDUCATIVA EL RUBI,SEDE BRISAS DEL YAMU,CAJM/JT-RI,0,0,0,COMPLETA
LA MACARENA,INSTITUCIÓN EDUCATIVA EL RUBI,SEDE EL EDREY,CAJM/JT-RI,0,0,0,COMPLETA
LA MACARENA,INSTITUCIÓN EDUCATIVA EL RUBI,SEDE PALESTINA,CAJM/JT-RI,0,0,0,COMPLETA
LA MACARENA,CENTRO EDUCATIVO LA CATALINA,SEDE PRINCIPAL LA CATALINA,CAA,1,1,0,COMPLETA
LA MACARENA,CENTRO EDUCATIVO LA CATALINA,SEDE PRINCIPAL LA CATALINA,CAARES,2,2,0,COMPLETA
LA MACARENA,CENTRO EDUCATIVO LA CATALINA,SEDE JOSE FIGUEROA GOMEZ,CAJM/JT-RI,0,0,0,COMPLETA
LA MACARENA,CENTRO EDUCATIVO LA CATALINA,SEDE EL JARDIN,CAJM/JT-RI,0,0,0,COMPLETA
LA MACARENA,CENTRO EDUCATIVO LA CATALINA,SEDE EL MIRADOR,CAJM/JT-RI,0,0,0,COMPLETA
LA MACARENA,CENTRO EDUCATIVO LA CATALINA,SEDE HENRY GARCIA BOHORQUEZ,CAJM/JT-RI,0,0,0,COMPLETA
LA MACARENA,CENTRO EDUCATIVO LA CATALINA,SEDE LA ESMERALDA,CAA,1,1,0,COMPLETA
LA MACARENA,CENTRO EDUCATIVO LA CATALINA,SEDE LA REFORMA,CAJM/JT-RI,0,0,0,COMPLETA
LA MACARENA,CENTRO EDUCATIVO LA CATALINA,SEDE LA UNION,CAJM/JT-RI,0,0,0,COMPLETA
LA MACARENA,CENTRO EDUCATIVO LA CATALINA,SEDE MIRAFLORES,CAJM/JT-RI,0,0,0,COMPLETA
LA MACARENA,CENTRO EDUCATIVO LA CATALINA,SEDE SAN JOSE,CAA,1,1,0,COMPLETA
LA MACARENA,CENTRO EDUCATIVO LA CATALINA,SEDE SANTA MARIA,CAA,1,1,0,COMPLETA
LA MACARENA,CENTRO EDUCATIVO LA CATALINA,SEDE TRES CHORROS,CAJM/JT-RI,0,0,0,COMPLETA
LA MACARENA,CENTRO EDUCATIVO LAS BRISAS,SEDE EL RECREO,CAA,1,0,-1,DEFICIT
LA MACARENA,CENTRO EDUCATIVO LAS BRISAS,SEDE EL RECREO,CAARES,2,2,0,COMPLETA
LA MACARENA,CENTRO EDUCATIVO LAS BRISAS,SEDE PRINCIPAL LAS BRISAS,CAA,1,1,0,COMPLETA
LA MACARENA,CENTRO EDUCATIVO LAS BRISAS,SEDE PRINCIPAL LAS BRISAS,CAARES,1,1,0,COMPLETA
LA MACARENA,CENTRO EDUCATIVO LAS BRISAS,SEDE AGUAS CLARAS,CAJM/JT-RI,0,0,0,COMPLETA
LA MACARENA,CENTRO EDUCATIVO LAS BRISAS,SEDE BAJO RECREO,CAJM/JT-RI,0,0,0,COMPLETA
LA MACARENA,CENTRO EDUCATIVO LAS BRISAS,SEDE CALIFORNIA,CAJM/JT-RI,0,0,0,COMPLETA
LA MACARENA,CENTRO EDUCATIVO LAS BRISAS,SEDE EL TRIUNFO,CAJM/JT-RI,0,0,0,COMPLETA
LA MACARENA,CENTRO EDUCATIVO LAS BRISAS,SEDE EL YARI,CAJM/JT-RI,0,0,0,COMPLETA
LA MACARENA,CENTRO EDUCATIVO LAS BRISAS,SEDE GETZEMANI,CAJM/JT-RI,0,0,0,COMPLETA
LA MACARENA,CENTRO EDUCATIVO LAS BRISAS,SEDE ISLENA HERRERA,CAJM/JT-RI,0,0,0,COMPLETA
LA MACARENA,CENTRO EDUCATIVO LAS BRISAS,SEDE LA CABANA,CAJM/JT-RI,0,0,0,COMPLETA
LA MACARENA,CENTRO EDUCATIVO LAS BRISAS,SEDE LA ILUSION,CAJM/JT-RI,0,0,0,COMPLETA
LA MACARENA,CENTRO EDUCATIVO LAS BRISAS,SEDE LA PALESTINA,CAJM/JT-RI,0,0,0,COMPLETA
LA MACARENA,CENTRO EDUCATIVO LAS BRISAS,SEDE LA TUNIA,CAJM/JT-RI,0,0,0,COMPLETA
LA MACARENA,CENTRO EDUCATIVO LAS BRISAS,SEDE MONTANITAS,CAJM/JT-RI,0,0,0,COMPLETA
LA MACARENA,CENTRO EDUCATIVO LAS BRISAS,SEDE SANTA MARTHA,CAA,1,1,0,COMPLETA
LA MACARENA,CENTRO EDUCATIVO LAS BRISAS,SEDE TELECOM,CAJM/JT-RI,0,0,0,COMPLETA
LA MACARENA,CENTRO EDUCATIVO LAS BRISAS,SAN JOSE DE CAQUETANIA II,CAJM/JT-RI,0,0,0,COMPLETA
LA MACARENA,CENTRO EDUCATIVO LAS BRISAS,SEDE YAGUARA II,CAA,1,1,0,COMPLETA
LA MACARENA,INSTITUCIÓN EDUCATIVA TERCER MILENIO,SEDE BUENOS AIRES III,CAJM/JT-RI,0,0,0,COMPLETA
LA MACARENA,INSTITUCIÓN EDUCATIVA TERCER MILENIO,SEDE EL PORVENIR,CAJM/JT-RI,0,0,0,COMPLETA
LA MACARENA,INSTITUCIÓN EDUCATIVA TERCER MILENIO,SEDE LA BATALLA,CAJM/JT-RI,0,0,0,COMPLETA
LA MACARENA,INSTITUCIÓN EDUCATIVA TERCER MILENIO,SEDE LA BATALLA II,CAA,1,1,0,COMPLETA
LA MACARENA,INSTITUCIÓN EDUCATIVA TERCER MILENIO,SEDE LA SERRANIA,CAJM/JT-RI,0,0,0,COMPLETA
LA MACARENA,INSTITUCIÓN EDUCATIVA TERCER MILENIO,SEDE LA SOMBRA,CAA,1,1,0,COMPLETA
LA MACARENA,INSTITUCIÓN EDUCATIVA TERCER MILENIO,SEDE LAS NIEVES,CAJM/JT-RI,0,0,0,COMPLETA
LA MACARENA,INSTITUCIÓN EDUCATIVA TERCER MILENIO,SEDE NAPOLES,CAJM/JT-RI,0,0,0,COMPLETA
LA MACARENA,INSTITUCIÓN EDUCATIVA TERCER MILENIO,SEDE POTRAS QUEBRADON,CAA,1,1,0,COMPLETA
LA MACARENA,INSTITUCIÓN EDUCATIVA TERCER MILENIO,SEDE PRINCIPAL PLAYA RICA,CAA,2,2,0,COMPLETA
LA MACARENA,INSTITUCIÓN EDUCATIVA TERCER MILENIO,SEDE PUERTA AL YARI,CAA,1,1,0,COMPLETA
LA MACARENA,INSTITUCIÓN EDUCATIVA NUESTRA SENORA DE LA MACARENA,SEDE ALTO RAUDAL,CAA,1,1,0,COMPLETA
LA MACARENA,INSTITUCIÓN EDUCATIVA NUESTRA SENORA DE LA MACARENA,SEDE EL BILLAR,CAA,1,1,0,COMPLETA
LA MACARENA,INSTITUCIÓN EDUCATIVA NUESTRA SENORA DE LA MACARENA,SEDE EL TAPIR,CAA,1,1,0,COMPLETA
LA MACARENA,INSTITUCIÓN EDUCATIVA NUESTRA SENORA DE LA MACARENA,SEDE EL TAPIR,CAARES,3,3,0,COMPLETA
LA MACARENA,INSTITUCIÓN EDUCATIVA NUESTRA SENORA DE LA MACARENA,SEDE JHON F KENNEDY,CAA,5,5,0,COMPLETA
LA MACARENA,INSTITUCIÓN EDUCATIVA NUESTRA SENORA DE LA MACARENA,SEDE PRINCIPAL NUESTRA SENORA DE LA MACARENA,CAA,4,6,2,EXCESO
LA MACARENA,INSTITUCIÓN EDUCATIVA NUESTRA SENORA DE LA MACARENA,SEDE PRINCIPAL NUESTRA SENORA DE LA MACARENA,CAJU-RI,1,1,0,COMPLETA
LA MACARENA,INSTITUCIÓN EDUCATIVA NUESTRA SENORA DE LA MACARENA,SEDE PRINCIPAL NUESTRA SENORA DE LA MACARENA,CAARES,3,3,0,COMPLETA
LA MACARENA,INSTITUCIÓN EDUCATIVA HECTOR IVAN HERNANDEZ,SEDE BRISAS DEL GRINGO,CAJM/JT-RI,0,0,0,COMPLETA
LA MACARENA,INSTITUCIÓN EDUCATIVA HECTOR IVAN HERNANDEZ,SEDE CANO LIMON,CAJM/JT-RI,0,0,0,COMPLETA
LA MACARENA,INSTITUCIÓN EDUCATIVA HECTOR IVAN HERNANDEZ,SEDE CENTRAL CANO GRINGO,CAJM/JT-RI,0,0,0,COMPLETA
LA MACARENA,INSTITUCIÓN EDUCATIVA HECTOR IVAN HERNANDEZ,SEDE GIRASOL,CAJM/JT-RI,0,0,0,COMPLETA
LA MACARENA,INSTITUCIÓN EDUCATIVA HECTOR IVAN HERNANDEZ,SEDE LA UNION II,CAJM/JT-RI,0,0,0,COMPLETA
LA MACARENA,INSTITUCIÓN EDUCATIVA HECTOR IVAN HERNANDEZ,SEDE LA VICTORIA,CAA,1,1,0,COMPLETA
LA MACARENA,INSTITUCIÓN EDUCATIVA HECTOR IVAN HERNANDEZ,SEDE LAS AMERICAS,CAJM/JT-RI,0,0,0,COMPLETA
LA MACARENA,INSTITUCIÓN EDUCATIVA HECTOR IVAN HERNANDEZ,SEDE LAS MARIMBAS II,CAJM/JT-RI,0,0,0,COMPLETA
LA MACARENA,INSTITUCIÓN EDUCATIVA HECTOR IVAN HERNANDEZ,SEDE PRINCIPAL HECTOR IVAN HERNANDEZ,CAA,3,3,0,COMPLETA
LA MACARENA,INSTITUCIÓN EDUCATIVA HECTOR IVAN HERNANDEZ,SEDE PRINCIPAL HECTOR IVAN HERNANDEZ,CAARES,3,3,0,COMPLETA
LA MACARENA,INSTITUCIÓN EDUCATIVA HECTOR IVAN HERNANDEZ,SEDE PUERTO LOZADA,CAA,1,1,0,COMPLETA
LA MACARENA,INSTITUCIÓN EDUCATIVA HECTOR IVAN HERNANDEZ,SEDE UNION MACARENA,CAJM/JT-RI,0,0,0,COMPLETA
LA MACARENA,INSTITUCIÓN EDUCATIVA NUEVO HORIZONTE,SEDE LAS HELICONIAS,CAJM/JT-RI,0,0,0,COMPLETA
LA MACARENA,INSTITUCIÓN EDUCATIVA NUEVO HORIZONTE,SEDE BRASILIA,CAJM/JT-RI,0,0,0,COMPLETA
LA MACARENA,INSTITUCIÓN EDUCATIVA NUEVO HORIZONTE,SEDE CANO AZUL,CAJM/JT-RI,0,0,0,COMPLETA
LA MACARENA,INSTITUCIÓN EDUCATIVA NUEVO HORIZONTE,SEDE CANO MONO,CAJM/JT-RI,0,0,0,COMPLETA
LA MACARENA,INSTITUCIÓN EDUCATIVA NUEVO HORIZONTE,SEDE EL LIMONAR,CAJM/JT-RI,0,0,0,COMPLETA
LA MACARENA,INSTITUCIÓN EDUCATIVA NUEVO HORIZONTE,SEDE LA FLORIDA,CAJM/JT-RI,0,0,0,COMPLETA
LA MACARENA,INSTITUCIÓN EDUCATIVA NUEVO HORIZONTE,SEDE LAGUNA ALTA,CAJM/JT-RI,0,0,0,COMPLETA
LA MACARENA,INSTITUCIÓN EDUCATIVA NUEVO HORIZONTE,SEDE LAS MALVINAS,CAJM/JT-RI,0,0,0,COMPLETA
LA MACARENA,INSTITUCIÓN EDUCATIVA NUEVO HORIZONTE,SEDE LOS NARANJOS,CAJM/JT-RI,0,0,0,COMPLETA
LA MACARENA,INSTITUCIÓN EDUCATIVA NUEVO HORIZONTE,SEDE PRIMAVERA DEL LOZADA,CAJM/JT-RI,0,0,0,COMPLETA
LA MACARENA,INSTITUCIÓN EDUCATIVA NUEVO HORIZONTE,SEDE PRINCIPAL NUEVO HORIZONTE,CAA,2,2,0,COMPLETA
LA MACARENA,INSTITUCIÓN EDUCATIVA NUEVO HORIZONTE,SEDE PRINCIPAL NUEVO HORIZONTE,CAARES,2,2,0,COMPLETA
LA MACARENA,INSTITUCIÓN EDUCATIVA SANTA TERESA,SEDE AGUAZUL,CAA,1,1,0,COMPLETA
LA MACARENA,INSTITUCIÓN EDUCATIVA SANTA TERESA,SEDE ALTO SAN ANTONIO,CAA,1,1,0,COMPLETA
LA MACARENA,INSTITUCIÓN EDUCATIVA SANTA TERESA,SEDE CAMPO HERMOSO,CAA,1,1,0,COMPLETA
LA MACARENA,INSTITUCIÓN EDUCATIVA SANTA TERESA,SEDE PRINCIPAL SANTA TERESA,CAA,1,1,0,COMPLETA
LA MACARENA,INSTITUCIÓN EDUCATIVA SANTA TERESA,SEDE PRINCIPAL SANTA TERESA,CAARES,3,3,0,COMPLETA
LA MACARENA,INSTITUCIÓN EDUCATIVA SANTA TERESA,SEDE ALTO MORICHAL,CAJM/JT-RI,0,0,0,COMPLETA
LA MACARENA,INSTITUCIÓN EDUCATIVA SANTA TERESA,SEDE EL RETIRO,CAA,1,1,0,COMPLETA
LA MACARENA,INSTITUCIÓN EDUCATIVA SANTA TERESA,SEDE JUAN BOSCO,CAA,1,1,0,COMPLETA
LA MACARENA,INSTITUCIÓN EDUCATIVA SANTA TERESA,SEDE LA FUNDACION,CAJM/JT-RI,0,0,0,COMPLETA
LA MACARENA,INSTITUCIÓN EDUCATIVA SANTA TERESA,SEDE LA ORQUIDEA,CAA,1,1,0,COMPLETA
LA MACARENA,INSTITUCIÓN EDUCATIVA SANTA TERESA,SEDE LAS DELICIAS,CAJM/JT-RI,0,0,0,COMPLETA
LA MACARENA,INSTITUCIÓN EDUCATIVA SANTA TERESA,SEDE LEJANIAS,CAA,1,1,0,COMPLETA
LA MACARENA,INSTITUCIÓN EDUCATIVA SANTA TERESA,SEDE MARIA AUXILIADORA,CAJM/JT-RI,0,0,0,COMPLETA
LA MACARENA,INSTITUCIÓN EDUCATIVA SANTA TERESA,SEDE LA PRIMAVERA,CAA,1,1,0,COMPLETA
LA MACARENA,INSTITUCIÓN EDUCATIVA SANTA TERESA,SEDE LOS MEDIOS,CAA,1,1,0,COMPLETA
LA MACARENA,INSTITUCIÓN EDUCATIVA SANTA TERESA,SEDE JHON HARY RUIZ,CAJM/JT-RI,0,0,0,COMPLETA
LA MACARENA,INSTITUCIÓN EDUCATIVA SANTA TERESA,SEDE LUIS MARIO SANCHEZ,CAJM/JT-RI,0,0,0,COMPLETA
LA MACARENA,INSTITUCIÓN EDUCATIVA SANTA TERESA,SEDE LA ESPERANZA,CAJM/JT-RI,0,0,0,COMPLETA
LA MACARENA,INSTITUCIÓN EDUCATIVA SANTA TERESA,SEDE REMANSO,CAJM/JT-RI,0,0,0,COMPLETA
LEJANÍAS,CENTRO EDUCATIVO EL CONVENIO,SEDE LA AURORA,CAA,1,1,0,COMPLETA
LEJANÍAS,INSTITUCIÓN EDUCATIVA DE LEJANIAS,SEDE JORGE ISAACS,CAA,4,4,0,COMPLETA
LEJANÍAS,INSTITUCIÓN EDUCATIVA DE LEJANIAS,SEDE PRINCIPAL LEJANIAS,CAJM/JT-RI,2,2,0,COMPLETA
LEJANÍAS,INSTITUCIÓN EDUCATIVA DE LEJANIAS,SEDE PRINCIPAL LEJANIAS,CAA,3,2,-1,DEFICIT
LEJANÍAS,INSTITUCIÓN EDUCATIVA DE LEJANIAS,SEDE PRINCIPAL LEJANIAS,CAARES,2,1,-1,DEFICIT
LEJANÍAS,INSTITUCIÓN EDUCATIVA GABRIELA MISTRAL,SEDE BUENOS AIRES,CAJM/JT-RI,0,0,0,COMPLETA
LEJANÍAS,INSTITUCIÓN EDUCATIVA GABRIELA MISTRAL,SEDE EL BRILLANTE,CAA,1,1,0,COMPLETA
LEJANÍAS,INSTITUCIÓN EDUCATIVA GABRIELA MISTRAL,SEDE EL PARAISO,CAJM/JT-RI,0,0,0,COMPLETA
LEJANÍAS,INSTITUCIÓN EDUCATIVA GABRIELA MISTRAL,SEDE EL ROBLE,CAJM/JT-RI,0,0,0,COMPLETA
LEJANÍAS,INSTITUCIÓN EDUCATIVA GABRIELA MISTRAL,SEDE LAS MARGARITAS,CAJM/JT-RI,0,0,0,COMPLETA
LEJANÍAS,INSTITUCIÓN EDUCATIVA GABRIELA MISTRAL,SEDE LOS LAURELES,CAA,1,1,0,COMPLETA
LEJANÍAS,INSTITUCIÓN EDUCATIVA GABRIELA MISTRAL,SEDE PRINCIPAL GABRIELA MISTRAL,CAJM/JT-RI,3,3,0,COMPLETA
LEJANÍAS,INSTITUCIÓN EDUCATIVA GABRIELA MISTRAL,SEDE SANTA RITA,CAA,2,2,0,COMPLETA
LEJANÍAS,CENTRO EDUCATIVO BARCELONA,SEDE EL EDEN,CAA,1,1,0,COMPLETA
LEJANÍAS,CENTRO EDUCATIVO BARCELONA,SEDE PRINCIPAL BARCELONA,CAA,1,1,0,COMPLETA
LEJANÍAS,CENTRO EDUCATIVO EL CONVENIO,SEDE ITALIA,CAA,1,1,0,COMPLETA
LEJANÍAS,CENTRO EDUCATIVO EL CONVENIO,SEDE PRINCIPAL EL CONVENIO,CAA,1,1,0,COMPLETA
MAPIRIPÁN,CENTRO EDUCATIVO GUACAMAYAS,SEDE PRINCIPAL SAN FRANCISCO,CAJM/JT-RI,0,0,0,COMPLETA
MAPIRIPÁN,CENTRO EDUCATIVO GUACAMAYAS,SEDE PRINCIPAL SAN FRANCISCO,CAARES,1,1,0,COMPLETA
MAPIRIPÁN,CENTRO EDUCATIVO GUACAMAYAS,SEDE SANTA HELENA,CAJM/JT-RI,0,0,0,COMPLETA
MAPIRIPÁN,CENTRO EDUCATIVO GUACAMAYAS,SEDE SANTA HELENA,CAARES,2,2,0,COMPLETA
MAPIRIPÁN,CENTRO EDUCATIVO GUACAMAYAS,SEDE EL ROCIO,CAJM/JT-RI,0,0,0,COMPLETA
MAPIRIPÁN,CENTRO EDUCATIVO GUACAMAYAS,SEDE EL MIELON,CAJM/JT-RI,0,0,0,COMPLETA
MAPIRIPÁN,CENTRO EDUCATIVO GUACAMAYAS,SEDE LA LIBERTAD,CAJM/JT-RI,0,0,0,COMPLETA
MAPIRIPÁN,CENTRO EDUCATIVO GUACAMAYAS,SEDE LOS MERECURES,CAJM/JT-RI,0,0,0,COMPLETA
MAPIRIPÁN,CENTRO EDUCATIVO GUACAMAYAS,SEDE LA INDEPENDENCIA,CAJM/JT-RI,0,0,0,COMPLETA
MAPIRIPÁN,CENTRO EDUCATIVO GUACAMAYAS,SEDE CANAPURE,CAJM/JT-RI,0,0,0,COMPLETA
MAPIRIPÁN,CENTRO EDUCATIVO DIVINO NINO JESUS,SEDE GABRIEL GARCIA MARQUEZ,CAJM/JT-RI,0,0,0,COMPLETA
MAPIRIPÁN,CENTRO EDUCATIVO DIVINO NINO JESUS,SEDE JUAN PABLO II,CAA,1,1,0,COMPLETA
MAPIRIPÁN,CENTRO EDUCATIVO DIVINO NINO JESUS,SEDE EL SILENCIO,CAJM/JT-RI,0,0,0,COMPLETA
MAPIRIPÁN,CENTRO EDUCATIVO DIVINO NINO JESUS,SEDE MILCIADES PARRA QUIROGA,CAJM/JT-RI,0,0,0,COMPLETA
MAPIRIPÁN,CENTRO EDUCATIVO DIVINO NINO JESUS,SEDE MILCIADES PARRA QUIROGA,CAARES,3,3,0,COMPLETA
MAPIRIPÁN,CENTRO EDUCATIVO DIVINO NINO JESUS,SEDE PRINCIPAL DIVINO NINO JESUS,CAA,1,1,0,COMPLETA
MAPIRIPÁN,CENTRO EDUCATIVO DIVINO NINO JESUS,SEDE CHAPARRAL INDIGENA,CAJM/JT-RI,0,0,0,COMPLETA
MAPIRIPÁN,CENTRO EDUCATIVO DIVINO NINO JESUS,SEDE BAXUMEX INDIGENA,CAJM/JT-RI,0,0,0,COMPLETA
MAPIRIPÁN,CENTRO EDUCATIVO DIVINO NINO JESUS,SEDE LA RIVERA,CAJM/JT-RI,0,0,0,COMPLETA
MAPIRIPÁN,CENTRO EDUCATIVO DIVINO NINO JESUS,SEDE LA RIVERA,CAARES,1,1,0,COMPLETA
MAPIRIPÁN,CENTRO EDUCATIVO DIVINO NINO JESUS,SEDE MATABAMBU,CAA,1,1,0,COMPLETA
MAPIRIPÁN,CENTRO EDUCATIVO DIVINO NINO JESUS,SEDE BRISAS DE ITEVIARE,CAJM/JT-RI,0,0,0,COMPLETA
MAPIRIPÁN,CENTRO EDUCATIVO DIVINO NINO JESUS,SEDE CANO MANGON,CAJM/JT-RI,0,0,0,COMPLETA
MAPIRIPÁN,INSTITUCIÓN EDUCATIVA JORGE ELIECER GAITAN,SEDE BAXUMEK II,CAJM/JT-RI,2,2,0,COMPLETA
MAPIRIPÁN,INSTITUCIÓN EDUCATIVA JORGE ELIECER GAITAN,SEDE PRINCIPAL JORGE ELIECER GAITAN,CAJM/JT-RI,3,3,0,COMPLETA
MAPIRIPÁN,INSTITUCIÓN EDUCATIVA JORGE ELIECER GAITAN,SEDE PRINCIPAL JORGE ELIECER GAITAN,CAARES,3,1,-2,DEFICIT
MAPIRIPÁN,INSTITUCIÓN EDUCATIVA JORGE ELIECER GAITAN,SEDE BRISAS DEL OVEJAS,CAJM/JT-RI,0,0,0,COMPLETA
MAPIRIPÁN,INSTITUCIÓN EDUCATIVA JORGE ELIECER GAITAN,SEDE SAN JUSTINO,CAJM/JT-RI,0,0,0,COMPLETA
MAPIRIPÁN,INSTITUCIÓN EDUCATIVA JORGE ELIECER GAITAN,SEDE BETANIA,CAJM/JT-RI,0,0,0,COMPLETA
MAPIRIPÁN,INSTITUCIÓN EDUCATIVA JORGE ELIECER GAITAN,SEDE COROCITO INDIGENA,CAJM/JT-RI,0,0,0,COMPLETA
MAPIRIPÁN,INSTITUCIÓN EDUCATIVA JORGE ELIECER GAITAN,SEDE EL OLVIDO INDIGENA,CAJM/JT-RI,0,0,0,COMPLETA
MESETAS,CENTRO EDUCATIVO RIO DUDA,SEDE AGUA BONITA,CAJM/JT-RI,0,0,0,COMPLETA
MESETAS,CENTRO EDUCATIVO RIO DUDA,SEDE EL ORIENTE,CAJM/JT-RI,0,0,0,COMPLETA
MESETAS,CENTRO EDUCATIVO RIO DUDA,SEDE EL PROGRESO,CAJM/JT-RI,0,0,0,COMPLETA
MESETAS,CENTRO EDUCATIVO RIO DUDA,SEDE EL TURPIAL,CAJM/JT-RI,0,0,0,COMPLETA
MESETAS,CENTRO EDUCATIVO RIO DUDA,SEDE GUACAMAYAS,CAJM/JT-RI,0,0,0,COMPLETA
MESETAS,CENTRO EDUCATIVO RIO DUDA,SEDE LA FRONTERA,CAJM/JT-RI,0,0,0,COMPLETA
MESETAS,CENTRO EDUCATIVO RIO DUDA,SEDE LAS PALMERAS,CAJM/JT-RI,0,0,0,COMPLETA
MESETAS,CENTRO EDUCATIVO RIO DUDA,SEDE MARIA MONTESSORI,CAJM/JT-RI,0,0,0,COMPLETA
MESETAS,CENTRO EDUCATIVO RIO DUDA,SEDE PRINCIPAL BRISAS DEL DUDA,CAJM/JT-RI,0,0,0,COMPLETA
MESETAS,CENTRO EDUCATIVO RIO DUDA,SEDE PUERTO NUEVO,CAJM/JT-RI,0,0,0,COMPLETA
MESETAS,CENTRO EDUCATIVO RIO DUDA,SEDE SAN ISIDRO,CAJM/JT-RI,0,0,0,COMPLETA
MESETAS,CENTRO EDUCATIVO RIO DUDA,SEDE SANTA HELENA,CAJM/JT-RI,0,0,0,COMPLETA
MESETAS,CENTRO EDUCATIVO RIO GUEJAR,SEDE EL TRIQUE,CAJM/JT-RI,0,0,0,COMPLETA
MESETAS,CENTRO EDUCATIVO RIO GUEJAR,SEDE LA ARGENTINA,CAJM/JT-RI,0,0,0,COMPLETA
MESETAS,CENTRO EDUCATIVO RIO GUEJAR,SEDE LA CABANA,CAJM/JT-RI,0,0,0,COMPLETA
MESETAS,CENTRO EDUCATIVO RIO GUEJAR,SEDE LA LIBERTAD,CAA,2,2,0,COMPLETA
MESETAS,CENTRO EDUCATIVO RIO GUEJAR,SEDE LAS FLORES,CAJM/JT-RI,0,0,0,COMPLETA
MESETAS,CENTRO EDUCATIVO RIO GUEJAR,SEDE NARANJAL,CAJM/JT-RI,0,0,0,COMPLETA
MESETAS,CENTRO EDUCATIVO RIO GUEJAR,SEDE PRINCIPAL RIO GUEJAR,CAA,3,3,0,COMPLETA
MESETAS,INSTITUCIÓN EDUCATIVA JARDIN DE LAS PENAS,SEDE AGUA DE DIOS,CAJM/JT-RI,0,0,0,COMPLETA
MESETAS,INSTITUCIÓN EDUCATIVA JARDIN DE LAS PENAS,SEDE BAJO ANDES,CAJM/JT-RI,0,0,0,COMPLETA
MESETAS,INSTITUCIÓN EDUCATIVA JARDIN DE LAS PENAS,SEDE CAFETALES,CAJM/JT-RI,0,0,0,COMPLETA
MESETAS,INSTITUCIÓN EDUCATIVA JARDIN DE LAS PENAS,SEDE EL PALMAR,CAJM/JT-RI,0,0,0,COMPLETA
MESETAS,INSTITUCIÓN EDUCATIVA JARDIN DE LAS PENAS,SEDE EL PINAL,CAJM/JT-RI,0,0,0,COMPLETA
MESETAS,INSTITUCIÓN EDUCATIVA JARDIN DE LAS PENAS,SEDE EL PORVENIR,CAJM/JT-RI,0,0,0,COMPLETA
MESETAS,INSTITUCIÓN EDUCATIVA JARDIN DE LAS PENAS,SEDE LA NUEVA ESPERANZA,CAJM/JT-RI,0,0,0,COMPLETA
MESETAS,INSTITUCIÓN EDUCATIVA JARDIN DE LAS PENAS,SEDE LA PAZ,CAJM/JT-RI,0,0,0,COMPLETA
MESETAS,INSTITUCIÓN EDUCATIVA JARDIN DE LAS PENAS,SEDE LA UNION,CAJM/JT-RI,0,0,0,COMPLETA
MESETAS,INSTITUCIÓN EDUCATIVA JARDIN DE LAS PENAS,SEDE LAS COLINAS,CAJM/JT-RI,0,0,0,COMPLETA
MESETAS,INSTITUCIÓN EDUCATIVA JARDIN DE LAS PENAS,SEDE LAS PAILAS,CAJM/JT-RI,0,0,0,COMPLETA
MESETAS,INSTITUCIÓN EDUCATIVA JARDIN DE LAS PENAS,SEDE PRINCIPAL JARDIN DE PENAS,CAA,3,3,0,COMPLETA
MESETAS,INSTITUCIÓN EDUCATIVA JARDIN DE LAS PENAS,SEDE PRINCIPAL JARDIN DE PENAS,CAARES,3,3,0,COMPLETA
MESETAS,INSTITUCIÓN EDUCATIVA LOS FUNDADORES,SEDE JOSE IGNACIO GONZALEZ,CAJM/JT-RI,2,2,0,COMPLETA
MESETAS,INSTITUCIÓN EDUCATIVA LOS FUNDADORES,SEDE PRINCIPAL LOS FUNDADORES,CAA,4,4,0,COMPLETA
MESETAS,CENTRO EDUCATIVO RIO CAFRE,SEDE ALTO CAFRE,CAJM/JT-RI,0,0,0,COMPLETA
MESETAS,CENTRO EDUCATIVO RIO CAFRE,SEDE ATANASIO GIRARDOT,CAJM/JT-RI,0,0,0,COMPLETA
MESETAS,CENTRO EDUCATIVO RIO CAFRE,SEDE BUENAVISTA,CAJM/JT-RI,0,0,0,COMPLETA
MESETAS,CENTRO EDUCATIVO RIO CAFRE,SEDE EL MIRADOR,CAJM/JT-RI,0,0,0,COMPLETA
MESETAS,CENTRO EDUCATIVO RIO CAFRE,SEDE PRINCIPAL LA GUAJIRA,CAA,2,2,0,COMPLETA
MESETAS,CENTRO EDUCATIVO RIO CAFRE,SEDE LAS BRUMAS,CAJM/JT-RI,0,0,0,COMPLETA
MESETAS,CENTRO EDUCATIVO RIO CAFRE,SEDE LOS MANGOS,CAJM/JT-RI,0,0,0,COMPLETA
MESETAS,CENTRO EDUCATIVO RIO CAFRE,SEDE ONDAS DEL CAFRE,CAJM/JT-RI,0,0,0,COMPLETA
MESETAS,CENTRO EDUCATIVO RIO CAFRE,SEDE PAYAN DE SAL,CAJM/JT-RI,0,0,0,COMPLETA
MESETAS,CENTRO EDUCATIVO RIO CAFRE,SEDE RIO CAFRE,CAJM/JT-RI,0,0,0,COMPLETA
MESETAS,CENTRO EDUCATIVO RIO CAFRE,SEDE VILLA LUCIA,CAJM/JT-RI,0,0,0,COMPLETA
PUERTO CONCORDIA,CENTRO EDUCATIVO LA VEGA,SEDE COOPERATIVA CONGENTE,CAJM/JT-RI,0,0,0,COMPLETA
PUERTO CONCORDIA,CENTRO EDUCATIVO LA VEGA,SEDE EL PROGRESO,CAA,1,1,0,COMPLETA
PUERTO CONCORDIA,CENTRO EDUCATIVO LA VEGA,SEDE GENERAL SANTANDER,CAA,1,1,0,COMPLETA
PUERTO CONCORDIA,CENTRO EDUCATIVO LA VEGA,SEDE PLAYA ALTA,CAA,1,1,0,COMPLETA
PUERTO CONCORDIA,CENTRO EDUCATIVO LA VEGA,SEDE POZO AZUL,CAA,1,1,0,COMPLETA
PUERTO CONCORDIA,CENTRO EDUCATIVO LA VEGA,SEDE PRINCIPAL LA VEGA,CAJM/JT-RI,0,0,0,COMPLETA
PUERTO CONCORDIA,CENTRO EDUCATIVO LA VEGA,SEDE SANTA ISABEL,CAA,1,1,0,COMPLETA
PUERTO CONCORDIA,CENTRO EDUCATIVO MI LLANURA,SEDE LA ORQUIDEA,CAJM/JT-RI,0,0,0,COMPLETA
PUERTO CONCORDIA,CENTRO EDUCATIVO MI LLANURA,SEDE MARIA AUXILIADORA,CAJM/JT-RI,0,0,0,COMPLETA
PUERTO CONCORDIA,CENTRO EDUCATIVO MI LLANURA,SEDE PRINCIPAL MI LLANURA,CAJU-RI,1,1,0,COMPLETA
PUERTO CONCORDIA,CENTRO EDUCATIVO MI LLANURA,SEDE PRINCIPAL MI LLANURA,CAA-JU,3,3,0,COMPLETA
PUERTO CONCORDIA,CENTRO EDUCATIVO MI LLANURA,SEDE RESGUARDO INDIGENA CANO LA SAL,CAJM/JT-RI,1,1,0,COMPLETA
PUERTO CONCORDIA,CENTRO EDUCATIVO MI LLANURA,SEDE SAN RAFAEL,CAJM/JT-RI,0,0,0,COMPLETA
PUERTO CONCORDIA,INSTITUCIÓN EDUCATIVA NUEVA ESPERANZA,SEDE CONCORDIA,CAA,4,4,0,COMPLETA
PUERTO CONCORDIA,INSTITUCIÓN EDUCATIVA NUEVA ESPERANZA,SEDE PRINCIPAL NUEVA ESPERANZA,CAJM/JT-RI,2,2,0,COMPLETA
PUERTO CONCORDIA,INSTITUCIÓN EDUCATIVA NUEVA ESPERANZA,SEDE PRINCIPAL NUEVA ESPERANZA,CAARES,3,3,0,COMPLETA
PUERTO CONCORDIA,INSTITUCIÓN EDUCATIVA PUERTO IRIS,SEDE PRINCIPAL PUERTO IRIS,CAA-JU,3,3,0,COMPLETA
PUERTO CONCORDIA,INSTITUCIÓN EDUCATIVA PUERTO IRIS,SEDE PRINCIPAL PUERTO IRIS,CAJU-RI,1,1,0,COMPLETA
PUERTO CONCORDIA,INSTITUCIÓN EDUCATIVA PUERTO IRIS,SEDE SAN JUAN BOSCO,CAJM/JT-RI,0,0,0,COMPLETA
PUERTO CONCORDIA,INSTITUCIÓN EDUCATIVA PUERTO IRIS,SEDE SANTA ANA,CAJM/JT-RI,0,0,0,COMPLETA
PUERTO CONCORDIA,INSTITUCIÓN EDUCATIVA PUERTO IRIS,SEDE MERELES,CAA-JU,1,1,0,COMPLETA
PUERTO CONCORDIA,INSTITUCIÓN EDUCATIVA PUERTO IRIS,SEDE MERELES,CAJU-RI,0,0,0,COMPLETA
PUERTO CONCORDIA,INSTITUCIÓN EDUCATIVA PUERTO IRIS,SEDE LINDENAL,CAA-JU,1,1,0,COMPLETA
PUERTO CONCORDIA,INSTITUCIÓN EDUCATIVA PUERTO IRIS,SEDE LINDENAL,CAJU-RI,0,0,0,COMPLETA
PUERTO CONCORDIA,INSTITUCIÓN EDUCATIVA PUERTO IRIS,SEDE LA VALLENATA,CAA-JU,2,2,0,COMPLETA
PUERTO CONCORDIA,INSTITUCIÓN EDUCATIVA VALENTIN APARICIO PERSONA,SEDE BAJA PRIMAVERA,CAA,1,1,0,COMPLETA
PUERTO CONCORDIA,INSTITUCIÓN EDUCATIVA VALENTIN APARICIO PERSONA,SEDE BELLAVISTA,CAA,1,1,0,COMPLETA
PUERTO CONCORDIA,INSTITUCIÓN EDUCATIVA VALENTIN APARICIO PERSONA,SEDE BELLAVISTA,CAARES,2,2,0,COMPLETA
PUERTO CONCORDIA,INSTITUCIÓN EDUCATIVA VALENTIN APARICIO PERSONA,SEDE CHARCO CARBON,CAJM/JT-RI,0,0,0,COMPLETA
PUERTO CONCORDIA,INSTITUCIÓN EDUCATIVA VALENTIN APARICIO PERSONA,SEDE EL MIRADOR,CAJM/JT-RI,0,0,0,COMPLETA
PUERTO CONCORDIA,INSTITUCIÓN EDUCATIVA VALENTIN APARICIO PERSONA,SEDE ESPERANZA,CAJM/JT-RI,0,0,0,COMPLETA
PUERTO CONCORDIA,INSTITUCIÓN EDUCATIVA VALENTIN APARICIO PERSONA,SEDE LIBARDO CASTANO,CAA,1,1,0,COMPLETA
PUERTO CONCORDIA,INSTITUCIÓN EDUCATIVA VALENTIN APARICIO PERSONA,SEDE LOS ANDES,CAA,1,1,0,COMPLETA
PUERTO CONCORDIA,INSTITUCIÓN EDUCATIVA VALENTIN APARICIO PERSONA,SEDE PRINCIPAL VALENTIN APARICIO PERSONA,CAA,1,1,0,COMPLETA
PUERTO CONCORDIA,INSTITUCIÓN EDUCATIVA VALENTIN APARICIO PERSONA,SEDE PRINCIPAL VALENTIN APARICIO PERSONA,CAARES,3,3,0,COMPLETA
PUERTO CONCORDIA,INSTITUCIÓN EDUCATIVA VALENTIN APARICIO PERSONA,SEDE SIMON BOLIVAR,CAJM/JT-RI,0,0,0,COMPLETA
PUERTO GAITÁN,INSTITUCIÓN EDUCATIVA HORIZONTES,SEDE FUNDACIONES,CAARES,3,3,0,COMPLETA
PUERTO GAITÁN,INSTITUCIÓN EDUCATIVA HORIZONTES,SEDE LA PRIMAVERA,CAARES,2,2,0,COMPLETA
PUERTO GAITÁN,INSTITUCIÓN EDUCATIVA HORIZONTES,SEDE MURUJUY,CAARES,2,2,0,COMPLETA
PUERTO GAITÁN,INSTITUCIÓN EDUCATIVA HORIZONTES,SEDE HORIZONTES,CAARES,2,2,0,COMPLETA
PUERTO GAITÁN,INSTITUCIÓN EDUCATIVA HORIZONTES,SEDE LA SABANA,CAARES,2,2,0,COMPLETA
PUERTO GAITÁN,INSTITUCIÓN EDUCATIVA JORGE ELIECER GAITAN,SEDE PRINCIPAL JORGE ELIECER GAITAN,CAARES,2,2,0,COMPLETA
PUERTO GAITÁN,INSTITUCIÓN EDUCATIVA RUBIALES,SEDE ALTO TILLAVA,CAARES,3,3,0,COMPLETA
PUERTO GAITÁN,INSTITUCIÓN EDUCATIVA RUBIALES,SEDE PRINCIPAL RUBIALES,CAARES,3,3,0,COMPLETA
PUERTO GAITÁN,INSTITUCIÓN EDUCATIVA RUBIALES,SEDE PUERTO TRUJILLO,CAARES,3,3,0,COMPLETA
PUERTO LLERAS,CENTRO EDUCATIVO TIERRA GRATA,SEDE SAN FERNANDO,CAJM/JT-RI,0,0,0,COMPLETA
PUERTO LLERAS,CENTRO EDUCATIVO TIERRA GRATA,SEDE SAN FERNANDO,CAARES,1,1,0,COMPLETA
PUERTO LLERAS,CENTRO EDUCATIVO TIERRA GRATA,SEDE PRINCIPAL TIERRA GRATA,CAA,2,2,0,COMPLETA
PUERTO LLERAS,CENTRO EDUCATIVO TIERRA GRATA,SEDE AGUALINDA,CAJM/JT-RI,0,0,0,COMPLETA
PUERTO LLERAS,CENTRO EDUCATIVO TIERRA GRATA,SEDE ALTO CASIBARE,CAJM/JT-RI,0,0,0,COMPLETA
PUERTO LLERAS,CENTRO EDUCATIVO TIERRA GRATA,SEDE EL TURPIAL,CAJM/JT-RI,0,0,0,COMPLETA
PUERTO LLERAS,CENTRO EDUCATIVO TIERRA GRATA,SEDE EL CAIRO,CAJM/JT-RI,0,0,0,COMPLETA
PUERTO LLERAS,CENTRO EDUCATIVO TIERRA GRATA,SEDE PALMERAS,CAJM/JT-RI,0,0,0,COMPLETA
PUERTO LLERAS,INSTITUCIÓN EDUCATIVA HECTOR JARAMILLO DUQUE,SEDE PRINCIPAL HECTOR JARAMILLO DUQUE,CAJU-RI,1,1,0,COMPLETA
PUERTO LLERAS,INSTITUCIÓN EDUCATIVA HECTOR JARAMILLO DUQUE,SEDE PRINCIPAL HECTOR JARAMILLO DUQUE,CAA-JU,2,2,0,COMPLETA
PUERTO LLERAS,INSTITUCIÓN EDUCATIVA HECTOR JARAMILLO DUQUE,SEDE PRINCIPAL HECTOR JARAMILLO DUQUE,CAARES,3,3,0,COMPLETA
PUERTO LLERAS,INSTITUCIÓN EDUCATIVA HECTOR JARAMILLO DUQUE,SEDE LA UNION,CAJM/JT-RI,0,0,0,COMPLETA
PUERTO LLERAS,INSTITUCIÓN EDUCATIVA HECTOR JARAMILLO DUQUE,SEDE LA ISLANDIA,CAJM/JT-RI,0,0,0,COMPLETA
PUERTO LLERAS,INSTITUCIÓN EDUCATIVA HECTOR JARAMILLO DUQUE,SEDE LA TIGRERA,CAJM/JT-RI,0,0,0,COMPLETA
PUERTO LLERAS,INSTITUCIÓN EDUCATIVA HECTOR JARAMILLO DUQUE,SEDE EL CARIBE,CAJM/JT-RI,0,0,0,COMPLETA
PUERTO LLERAS,INSTITUCIÓN EDUCATIVA HECTOR JARAMILLO DUQUE,SEDE BELLA VISTA,CAJM/JT-RI,0,0,0,COMPLETA
PUERTO LLERAS,INSTITUCIÓN EDUCATIVA HECTOR JARAMILLO DUQUE,SEDE VERACRUZ JOSE MARIA BAJO,CAJM/JT-RI,0,0,0,COMPLETA
PUERTO LLERAS,INSTITUCIÓN EDUCATIVA HECTOR JARAMILLO DUQUE,SEDE LA ESPERANZA,CAJM/JT-RI,0,0,0,COMPLETA
PUERTO LLERAS,INSTITUCIÓN EDUCATIVA CHARCO TRECE,SEDE NUESTRA SENORA DE LA PAZ,CAJU-RI,0,0,0,COMPLETA
PUERTO LLERAS,INSTITUCIÓN EDUCATIVA CHARCO TRECE,SEDE NUESTRA SENORA DE LA PAZ,CAA-JU,1,1,0,COMPLETA
PUERTO LLERAS,INSTITUCIÓN EDUCATIVA CHARCO TRECE,SEDE PRINCIPAL INTERNADO CHARCO TRECE,CAJU-RI,0,0,0,COMPLETA
PUERTO LLERAS,INSTITUCIÓN EDUCATIVA CHARCO TRECE,SEDE PRINCIPAL INTERNADO CHARCO TRECE,CAA-JU,1,1,0,COMPLETA
PUERTO LLERAS,INSTITUCIÓN EDUCATIVA CHARCO TRECE,SEDE PRINCIPAL INTERNADO CHARCO TRECE,CAARES,3,3,0,COMPLETA
PUERTO LLERAS,INSTITUCIÓN EDUCATIVA CHARCO TRECE,SEDE BRISAS DEL GUEJAR,CAJM/JT-RI,0,0,0,COMPLETA
PUERTO LLERAS,INSTITUCIÓN EDUCATIVA CHARCO TRECE,SEDE ALTO CUNUMIA,CAJM/JT-RI,0,0,0,COMPLETA
PUERTO LLERAS,INSTITUCIÓN EDUCATIVA CHARCO TRECE,SEDE EL DIAMANTE,CAJM/JT-RI,0,0,0,COMPLETA
PUERTO LLERAS,INSTITUCIÓN EDUCATIVA CHARCO TRECE,SEDE LA ARGENTINA,CAJM/JT-RI,0,0,0,COMPLETA
PUERTO LLERAS,INSTITUCIÓN EDUCATIVA MAJESTUOSO ARIARI INEMA,SEDE INOCENCIO CHINCA,CAA-JU,3,3,0,COMPLETA
PUERTO LLERAS,INSTITUCIÓN EDUCATIVA MAJESTUOSO ARIARI INEMA,SEDE INOCENCIO CHINCA,CAJU-RI,1,3,2,EXCESO
PUERTO LLERAS,INSTITUCIÓN EDUCATIVA MAJESTUOSO ARIARI INEMA,SEDE INOCENCIO CHINCA,CAJM/JT-RI,0,0,0,COMPLETA
PUERTO LLERAS,INSTITUCIÓN EDUCATIVA MAJESTUOSO ARIARI INEMA,SEDE MANUELA BELTRAN,CAJM/JT-RI,0,0,0,COMPLETA
PUERTO LLERAS,INSTITUCIÓN EDUCATIVA MAJESTUOSO ARIARI INEMA,SEDE PRINCIPAL MAJESTUOSO ARIARI INEMA,CAA-JU,4,4,0,COMPLETA
PUERTO LLERAS,INSTITUCIÓN EDUCATIVA MAJESTUOSO ARIARI INEMA,SEDE PRINCIPAL MAJESTUOSO ARIARI INEMA,CAJU-RI,2,0,-2,DEFICIT
PUERTO LÓPEZ,CENTRO EDUCATIVO NUESTRA SENORA DE FATIMA,SEDE CAMINO DE EMAUS,CAJM/JT-RI,0,0,0,COMPLETA
PUERTO LÓPEZ,CENTRO EDUCATIVO NUESTRA SENORA DE FATIMA,SEDE EL TURPIAL,CAJM/JT-RI,0,0,0,COMPLETA
PUERTO LÓPEZ,CENTRO EDUCATIVO NUESTRA SENORA DE FATIMA,SEDE LAS LEONAS,CAJM/JT-RI,0,0,0,COMPLETA
PUERTO LÓPEZ,CENTRO EDUCATIVO NUESTRA SENORA DE FATIMA,SEDE PRINCIPAL NUESTRA SENORA DE FATIMA,CAA,2,2,0,COMPLETA
PUERTO LÓPEZ,CENTRO EDUCATIVO NUESTRA SENORA DE FATIMA,SEDE PUEBLO NUEVO,CAJM/JT-RI,1,1,0,COMPLETA
PUERTO LÓPEZ,CENTRO EDUCATIVO NUESTRA SENORA DE FATIMA,SEDE LA COLINA,CAA,1,0,-1,DEFICIT
PUERTO LÓPEZ,CENTRO EDUCATIVO NUESTRA SENORA DE FATIMA,SEDE LA COLINA,CAARES,1,2,1,EXCESO
PUERTO LÓPEZ,CENTRO EDUCATIVO PONTON DE RIO NEGRO,SEDE ANTONIA SANTOS,CAJM/JT-RI,0,0,0,COMPLETA
PUERTO LÓPEZ,CENTRO EDUCATIVO PONTON DE RIO NEGRO,SEDE BOCAS DEL GUAYURIBA,CAA,1,1,0,COMPLETA
PUERTO LÓPEZ,CENTRO EDUCATIVO PONTON DE RIO NEGRO,SEDE EL PORVENIR,CAJM/JT-RI,0,0,0,COMPLETA
PUERTO LÓPEZ,CENTRO EDUCATIVO PONTON DE RIO NEGRO,SEDE GUICHIRAL,CAJM/JT-RI,0,0,0,COMPLETA
PUERTO LÓPEZ,CENTRO EDUCATIVO PONTON DE RIO NEGRO,SEDE PRINCIPAL PONTON DE RIO NEGRO,CAA,2,2,0,COMPLETA
PUERTO LÓPEZ,CENTRO EDUCATIVO PONTON DE RIO NEGRO,SEDE RODRIGO LARA BONILLA,CAJM/JT-RI,0,0,0,COMPLETA
PUERTO LÓPEZ,CENTRO EDUCATIVO PONTON DE RIO NEGRO,SEDE SAN MARTIN DE PORRES,CAJM/JT-RI,0,0,0,COMPLETA
PUERTO LÓPEZ,CENTRO EDUCATIVO PONTON DE RIO NEGRO,SEDE VISO DE SAN PABLO,CAJM/JT-RI,0,0,0,COMPLETA
PUERTO LÓPEZ,CENTRO EDUCATIVO SERRANIA DEL MELUA,SEDE ALTO NAVAJAS,CAJM/JT-RI,0,0,0,COMPLETA
PUERTO LÓPEZ,CENTRO EDUCATIVO SERRANIA DEL MELUA,SEDE LA SANDRITA,CAJM/JT-RI,1,1,0,COMPLETA
PUERTO LÓPEZ,CENTRO EDUCATIVO SERRANIA DEL MELUA,SEDE PRINCIPAL LA ESTRELLA,CAJM/JT-RI,0,0,0,COMPLETA
PUERTO LÓPEZ,CENTRO EDUCATIVO SERRANIA DEL MELUA,SEDE PRINCIPAL LA ESTRELLA,CAARES,2,2,0,COMPLETA
PUERTO LÓPEZ,CENTRO EDUCATIVO SERRANIA DEL MELUA,SEDE LA ESMERALDA,CAJM/JT-RI,0,0,0,COMPLETA
PUERTO LÓPEZ,INSTITUCIÓN EDUCATIVA AGROPECUARIO DE PUERTO LOPEZ,SEDE LA UNION,CAJM/JT-RI,0,0,0,COMPLETA
PUERTO LÓPEZ,INSTITUCIÓN EDUCATIVA AGROPECUARIO DE PUERTO LOPEZ,SEDE PRINCIPAL TECNICO AGROPECUARIO,CAA,3,3,0,COMPLETA
PUERTO LÓPEZ,INSTITUCIÓN EDUCATIVA AGROPECUARIO DE PUERTO LOPEZ,SEDE SAN ISIDRO,CAJM/JT-RI,1,1,0,COMPLETA
PUERTO LÓPEZ,INSTITUCIÓN EDUCATIVA CAPITAN MIGUEL LARA,SEDE PRINCIPAL CAPITAN MIGUEL LARA,CAJM/JT-RI,4,4,0,COMPLETA
PUERTO LÓPEZ,INSTITUCIÓN EDUCATIVA ENRIQUE OLAYA HERRERA,SEDE CLEMENTE NARANJO,CAJM/JT-RI,2,2,0,COMPLETA
PUERTO LÓPEZ,INSTITUCIÓN EDUCATIVA ENRIQUE OLAYA HERRERA,SEDE PRINCIPAL ENRIQUE OLAYA HERRERA,CAJM/JT-RI,3,3,0,COMPLETA
PUERTO LÓPEZ,INSTITUCIÓN EDUCATIVA PUERTO GUADALUPE,SEDE PRINCIPAL PUERTO GUADALUPE,CAJM/JT-RI,1,1,0,COMPLETA
PUERTO LÓPEZ,INSTITUCIÓN EDUCATIVA RAFAEL URIBE URIBE,SEDE ALEGRIA DE VIVIR,CAJM/JT-RI,1,0,-1,DEFICIT
PUERTO LÓPEZ,INSTITUCIÓN EDUCATIVA RAFAEL URIBE URIBE,SEDE PRINCIPAL RAFAEL URIBE URIBE,CAJM/JT-RI,4,4,0,COMPLETA
PUERTO LÓPEZ,INSTITUCIÓN EDUCATIVA REMOLINO,SEDE PRINCIPAL REMOLINO,CAJM/JT-RI,1,1,0,COMPLETA
PUERTO LÓPEZ,INSTITUCIÓN EDUCATIVA YAALIAKEISY,SEDE PRINCIPAL YAALIAKEISY,CAJM/JT-RI,1,4,3,EXCESO
PUERTO LÓPEZ,INSTITUCIÓN EDUCATIVA SANTA TERESA DE PACHAQUIARO,SEDE SIMON BOLIVAR,CAJM/JT-RI,1,1,0,COMPLETA
PUERTO LÓPEZ,INSTITUCIÓN EDUCATIVA SANTA TERESA DE PACHAQUIARO,SEDE PUERTO PORFIA,CAJM/JT-RI,0,0,0,COMPLETA
PUERTO LÓPEZ,INSTITUCIÓN EDUCATIVA SANTA TERESA DE PACHAQUIARO,SEDE PRINCIPAL SANTA TERESA DE PACHAQUIARO,CAJM/JT-RI,3,3,0,COMPLETA
PUERTO LLERAS,CENTRO EDUCATIVO LA SABANA,SEDE SAN RAFAEL,CAA,1,1,0,COMPLETA
PUERTO LLERAS,CENTRO EDUCATIVO LA SABANA,SEDE LA SULTANA,CAA,1,1,0,COMPLETA
PUERTO LLERAS,CENTRO EDUCATIVO LA SABANA,SEDE LA YE,CAA,1,1,0,COMPLETA
PUERTO LLERAS,CENTRO EDUCATIVO LA SABANA,SEDE CANO RAYA,CAJM/JT-RI,0,0,0,COMPLETA
PUERTO LLERAS,CENTRO EDUCATIVO LA SABANA,SEDE EL OASIS,CAJM/JT-RI,0,0,0,COMPLETA
PUERTO LLERAS,CENTRO EDUCATIVO LA SABANA,SEDE PRINCIPAL LA SABANA,CAA,1,1,0,COMPLETA
PUERTO LLERAS,CENTRO EDUCATIVO LA SABANA,SEDE SAN VICENTE ALTO,CAJM/JT-RI,0,0,0,COMPLETA
PUERTO LLERAS,CENTRO EDUCATIVO LA SABANA,SEDE SANTA INES,CAJM/JT-RI,0,0,0,COMPLETA
PUERTO LLERAS,CENTRO EDUCATIVO LA SABANA,SEDE SAUSALITO,CAJM/JT-RI,0,0,0,COMPLETA
PUERTO RICO,CENTRO EDUCATIVO LAS PALMAS,SEDE DANUBIO UNO,CAJM/JT-RI,0,0,0,COMPLETA
PUERTO RICO,CENTRO EDUCATIVO LAS PALMAS,SEDE ENRIQUE VALOYEX,CAA,1,1,0,COMPLETA
PUERTO RICO,CENTRO EDUCATIVO LAS PALMAS,SEDE PRINCIPAL DANUBIO DOS,CAJM/JT-RI,0,0,0,COMPLETA
PUERTO RICO,CENTRO EDUCATIVO LAS PALMAS,SEDE PRINCIPAL DANUBIO DOS,CAARES,3,3,0,COMPLETA
PUERTO RICO,CENTRO EDUCATIVO LAS PALMAS,SEDE BOCAS DE CANO DANTA,CAJM/JT-RI,0,0,0,COMPLETA
PUERTO RICO,CENTRO EDUCATIVO LAS PALMAS,SEDE CANO ALFA,CAJM/JT-RI,0,0,0,COMPLETA
PUERTO RICO,CENTRO EDUCATIVO LAS PALMAS,SEDE CANO BLANCO,CAJM/JT-RI,0,0,0,COMPLETA
PUERTO RICO,CENTRO EDUCATIVO LAS PALMAS,SEDE COMUNEROS,CAJM/JT-RI,0,0,0,COMPLETA
PUERTO RICO,CENTRO EDUCATIVO LAS PALMAS,SEDE INDEPENDENCIA,CAJM/JT-RI,0,0,0,COMPLETA
PUERTO RICO,CENTRO EDUCATIVO LAS PALMAS,SEDE LAS COLINAS,CAJM/JT-RI,0,0,0,COMPLETA
PUERTO RICO,CENTRO EDUCATIVO LAS PALMAS,SEDE PALMERAS,CAJM/JT-RI,0,0,0,COMPLETA
PUERTO RICO,INSTITUCIÓN EDUCATIVA ALICIO AMADOR ELVIRA,SEDE POLICARPA SALAVARRIETA,CAJM/JT-RI,3,3,0,COMPLETA
PUERTO RICO,INSTITUCIÓN EDUCATIVA ALICIO AMADOR ELVIRA,SEDE PRINCIPAL ALICIO AMADOR ELVIRA,CAA,5,5,0,COMPLETA
PUERTO RICO,INSTITUCIÓN EDUCATIVA ALICIO AMADOR ELVIRA,SEDE RAFAEL POMBO,CAA,3,3,0,COMPLETA
PUERTO LLERAS,INSTITUCIÓN EDUCATIVA LA PRIMAVERA,SEDE PRINCIPAL BARRANCO COLORADO,CAA,1,1,0,COMPLETA
PUERTO LLERAS,INSTITUCIÓN EDUCATIVA LA PRIMAVERA,SEDE PRINCIPAL BARRANCO COLORADO,CAARES,2,2,0,COMPLETA
PUERTO LLERAS,INSTITUCIÓN EDUCATIVA LA PRIMAVERA,SEDE BAJA PRIMAVERA,CAJM/JT-RI,0,0,0,COMPLETA
PUERTO LLERAS,INSTITUCIÓN EDUCATIVA LA PRIMAVERA,SEDE BRISAS DEL CAFRE,CAJM/JT-RI,0,0,0,COMPLETA
PUERTO LLERAS,INSTITUCIÓN EDUCATIVA LA PRIMAVERA,SEDE BUENA VISTA,CAJM/JT-RI,0,0,0,COMPLETA
PUERTO LLERAS,INSTITUCIÓN EDUCATIVA LA PRIMAVERA,SEDE LA CABANA,CAJM/JT-RI,0,0,0,COMPLETA
PUERTO LLERAS,INSTITUCIÓN EDUCATIVA LA PRIMAVERA,SEDE LA ESPERANZA,CAJM/JT-RI,0,0,0,COMPLETA
PUERTO LLERAS,INSTITUCIÓN EDUCATIVA LA PRIMAVERA,SEDE LA FUNDACION,CAJM/JT-RI,0,0,0,COMPLETA
PUERTO LLERAS,INSTITUCIÓN EDUCATIVA LA PRIMAVERA,SEDE LA LIBERTAD,CAJM/JT-RI,0,0,0,COMPLETA
PUERTO LLERAS,INSTITUCIÓN EDUCATIVA LA PRIMAVERA,SEDE LA UNION,CAJM/JT-RI,0,0,0,COMPLETA
PUERTO LLERAS,INSTITUCIÓN EDUCATIVA LA PRIMAVERA,SEDE LA VICTORIA,CAJM/JT-RI,0,0,0,COMPLETA
PUERTO LLERAS,INSTITUCIÓN EDUCATIVA LA PRIMAVERA,SEDE CHARCO DANTO,CAJM/JT-RI,0,0,0,COMPLETA
PUERTO LLERAS,INSTITUCIÓN EDUCATIVA LA PRIMAVERA,SEDE EL DORADO,CAJM/JT-RI,0,0,0,COMPLETA
PUERTO LLERAS,INSTITUCIÓN EDUCATIVA LA PRIMAVERA,SEDE LA REFORMA,CAJM/JT-RI,0,0,0,COMPLETA
PUERTO LLERAS,INSTITUCIÓN EDUCATIVA LA PRIMAVERA,SEDE LAGUNA GRINGO,CAJM/JT-RI,0,0,0,COMPLETA
PUERTO LLERAS,INSTITUCIÓN EDUCATIVA LA PRIMAVERA,SEDE CHISPAS,CAJM/JT-RI,0,0,0,COMPLETA
RESTREPO,INSTITUCIÓN EDUCATIVA RURAL DE RESTREPO,SEDE PRINCIPAL CANEY ALTO,CAA,3,3,0,COMPLETA
RESTREPO,INSTITUCIÓN EDUCATIVA FRANCISCO TORRES LEON,SEDE PRINCIPAL FRANCISCO TORRES LEON,CAJM/JT-RI,1,1,0,COMPLETA
RESTREPO,INSTITUCIÓN EDUCATIVA FRANCISCO TORRES LEON,SEDE PRINCIPAL FRANCISCO TORRES LEON,CAA,5,5,0,COMPLETA
RESTREPO,INSTITUCIÓN EDUCATIVA EMILIANO RESTREPO ECHAVARRIA,SEDE EMILIANO RESTREPO ECHAVARRIA PRIMARIA,CAJM/JT-RI,0,0,0,COMPLETA
RESTREPO,INSTITUCIÓN EDUCATIVA EMILIANO RESTREPO ECHAVARRIA,SEDE EMILIANO RESTREPO ECHAVARRIA PRIMARIA,CAA,2,2,0,COMPLETA
RESTREPO,INSTITUCIÓN EDUCATIVA EMILIANO RESTREPO ECHAVARRIA,SEDE PRINCIPAL EMILIANO RESTREPO ECHAVARRIA,CAJM/JT-RI,4,4,0,COMPLETA
SAN CARLOS DE GUAROA,INSTITUCIÓN EDUCATIVA GABRIEL GARCIA MARQUEZ,SEDE PRINCIPAL GABRIEL GARCIA MARQUEZ,CAJM/JT-RI,4,4,0,COMPLETA
SAN CARLOS DE GUAROA,INSTITUCIÓN EDUCATIVA GABRIEL GARCIA MARQUEZ,SEDE PRINCIPAL GABRIEL GARCIA MARQUEZ,CAARES,2,2,0,COMPLETA
SAN CARLOS DE GUAROA,INSTITUCIÓN EDUCATIVA ISABEL LA CATOLICA,SEDE PRINCIPAL ISABEL LA CATOLICA,CAJM/JT-RI,2,2,0,COMPLETA
SAN CARLOS DE GUAROA,INSTITUCIÓN EDUCATIVA SIMON BOLIVAR,SEDE PRINCIPAL SIMON BOLIVAR,CAJM/JT-RI,3,3,0,COMPLETA
SAN JUAN DE ARAMA,CENTRO EDUCATIVO FRANCISCO DE PAULA SANTANDER,SEDE MESA DE FERNANDEZ,CAA,1,1,0,COMPLETA
SAN JUAN DE ARAMA,CENTRO EDUCATIVO FRANCISCO DE PAULA SANTANDER,SEDE PRINCIPAL FRANCISCO DE PAULA SANTANDER,CAA,1,1,0,COMPLETA
SAN JUAN DE ARAMA,INSTITUCIÓN EDUCATIVA MANACAL,SEDE BELLAVISTA,CAJM/JT-RI,0,0,0,COMPLETA
SAN JUAN DE ARAMA,INSTITUCIÓN EDUCATIVA MANACAL,SEDE BRASILIA,CAJM/JT-RI,0,0,0,COMPLETA
SAN JUAN DE ARAMA,INSTITUCIÓN EDUCATIVA MANACAL,SEDE CERRITOS,CAJU-RI,0,0,0,COMPLETA
SAN JUAN DE ARAMA,INSTITUCIÓN EDUCATIVA MANACAL,SEDE CERRITOS,CAA-JU,1,1,0,COMPLETA
SAN JUAN DE ARAMA,INSTITUCIÓN EDUCATIVA MANACAL,SEDE JUAN BOSCO,CAJM/JT-RI,0,0,0,COMPLETA
SAN JUAN DE ARAMA,INSTITUCIÓN EDUCATIVA MANACAL,SEDE PRINCIPAL MANACAL,CAJU-RI,0,0,0,COMPLETA
SAN JUAN DE ARAMA,INSTITUCIÓN EDUCATIVA MANACAL,SEDE PRINCIPAL MANACAL,CAA-JU,2,2,0,COMPLETA
SAN JUAN DE ARAMA,INSTITUCIÓN EDUCATIVA MANACAL,SEDE PRINCIPAL MANACAL,CAARES,4,4,0,COMPLETA
SAN JUAN DE ARAMA,INSTITUCIÓN EDUCATIVA SAN JUAN DE ARAMA,SEDE LA LIBERTAD,CAJM/JT-RI,1,1,0,COMPLETA
SAN JUAN DE ARAMA,INSTITUCIÓN EDUCATIVA SAN JUAN DE ARAMA,SEDE PRINCIPAL SAN JUAN DE ARAMA,CAA,4,4,0,COMPLETA
SAN JUAN DE ARAMA,INSTITUCIÓN EDUCATIVA SAN JUAN DE ARAMA,SEDE SUBTENIENTE SATURNINO GUTIERREZ,CAA,3,3,0,COMPLETA
SAN JUANITO,INSTITUCIÓN EDUCATIVA JOHN F KENNEDY,SEDE ANTONIO RICAURTE,CAJM/JT-RI,0,0,0,COMPLETA
SAN JUANITO,INSTITUCIÓN EDUCATIVA JOHN F KENNEDY,SEDE LA CANDELARIA,CAJM/JT-RI,0,0,0,COMPLETA
SAN JUANITO,INSTITUCIÓN EDUCATIVA JOHN F KENNEDY,SEDE PRINCIPAL JOHN F KENNEDY,CAJM/JT-RI,1,1,0,COMPLETA
SAN JUANITO,INSTITUCIÓN EDUCATIVA JOHN F KENNEDY,SEDE PRINCIPAL JOHN F KENNEDY,CAARES,2,2,0,COMPLETA
SAN JUANITO,INSTITUCIÓN EDUCATIVA JOHN F KENNEDY,SEDE QUEBRADA BLANCA,CAJM/JT-RI,0,0,0,COMPLETA
SAN JUANITO,INSTITUCIÓN EDUCATIVA JOHN F KENNEDY,SEDE SAN LUIS EL PLAN,CAJM/JT-RI,0,0,0,COMPLETA
SAN LUIS DE CUBARRAL,CENTRO EDUCATIVO DE CUBARRAL,SEDE PRINCIPAL DE CUBARRAL,CAJM/JT-RI,0,0,0,COMPLETA
SAN LUIS DE CUBARRAL,CENTRO EDUCATIVO DE CUBARRAL,SEDE PRINCIPAL DE CUBARRAL,CAARES,2,2,0,COMPLETA
SAN LUIS DE CUBARRAL,CENTRO EDUCATIVO DE CUBARRAL,SEDE SAN CAYETANO,CAJM/JT-RI,0,0,0,COMPLETA
SAN LUIS DE CUBARRAL,INSTITUCIÓN EDUCATIVA JOSE EUSTASIO RIVERA,SEDE PRINCIPAL JOSE EUSTASIO RIVERA,CAJM/JT-RI,4,4,0,COMPLETA
SAN MARTÍN,CENTRO EDUCATIVO CAMOITA,SEDE PRINCIPAL CAMOITA,CAJM/JT-RI,0,0,0,COMPLETA
SAN MARTÍN,CENTRO EDUCATIVO CAMOITA,SEDE LA BENDICION,CAARES,3,2,-1,DEFICIT
SAN MARTÍN,CENTRO EDUCATIVO CAMOITA,SEDE LA CRISTALINA,CAARES,1,1,0,COMPLETA
SAN MARTÍN,INSTITUCIÓN EDUCATIVA INTEGRADO DE SAN MARTIN,SEDE ANTONIO NARINO,CAJM/JT-RI,1,1,0,COMPLETA
SAN MARTÍN,INSTITUCIÓN EDUCATIVA INTEGRADO DE SAN MARTIN,SEDE ATANASIO GIRARDOT,CAJM/JT-RI,1,1,0,COMPLETA
SAN MARTÍN,INSTITUCIÓN EDUCATIVA INTEGRADO DE SAN MARTIN,SEDE EL LIBERTADOR,CAJM/JT-RI,1,1,0,COMPLETA
SAN MARTÍN,INSTITUCIÓN EDUCATIVA INTEGRADO DE SAN MARTIN,SEDE ENRIQUE GALVEZ ALVAREZ,CAJM/JT-RI,2,2,0,COMPLETA
SAN MARTÍN,INSTITUCIÓN EDUCATIVA INTEGRADO DE SAN MARTIN,SEDE JUAN JOSE RONDON,CAJM/JT-RI,1,1,0,COMPLETA
SAN MARTÍN,INSTITUCIÓN EDUCATIVA INTEGRADO DE SAN MARTIN,SEDE PRINCIPAL INTEGRADO DE SAN MARTIN,CAJM/JT-RI,3,3,0,COMPLETA
SAN MARTÍN,INSTITUCIÓN EDUCATIVA IRACA,SEDE CRISTOBAL COLON,CAJM/JT-RI,0,0,0,COMPLETA
SAN MARTÍN,INSTITUCIÓN EDUCATIVA IRACA,SEDE EL BAMBU,CAJM/JT-RI,0,0,0,COMPLETA
SAN MARTÍN,INSTITUCIÓN EDUCATIVA IRACA,SEDE EL TREINTA,CAJM/JT-RI,0,0,0,COMPLETA
SAN MARTÍN,INSTITUCIÓN EDUCATIVA IRACA,SEDE LA REFORMA,CAJM/JT-RI,0,0,0,COMPLETA
SAN MARTÍN,INSTITUCIÓN EDUCATIVA IRACA,SEDE MI CASITA BELLA,CAJM/JT-RI,0,0,0,COMPLETA
SAN MARTÍN,INSTITUCIÓN EDUCATIVA IRACA,SEDE PRINCIPAL IRACA,CAJU-RI,1,1,0,COMPLETA
SAN MARTÍN,INSTITUCIÓN EDUCATIVA IRACA,SEDE PRINCIPAL IRACA,CAA-JU,2,2,0,COMPLETA
SAN MARTÍN,INSTITUCIÓN EDUCATIVA IRACA,SEDE PRINCIPAL IRACA,CAARES,7,10,3,EXCESO
SAN MARTÍN,INSTITUCIÓN EDUCATIVA MANUELA BELTRAN,SEDE ANTONIO RICAURTE,CAJM/JT-RI,1,1,0,COMPLETA
SAN MARTÍN,INSTITUCIÓN EDUCATIVA MANUELA BELTRAN,SEDE LOS ANDES,CAJM/JT-RI,1,1,0,COMPLETA
SAN MARTÍN,INSTITUCIÓN EDUCATIVA MANUELA BELTRAN,SEDE PRINCIPAL MANUELA BELTRAN,CAJM/JT-RI,3,3,0,COMPLETA
SAN MARTÍN,INSTITUCIÓN EDUCATIVA MANUELA BELTRAN,SEDE RAUL DE OLIVEIRA,CAJM/JT-RI,1,1,0,COMPLETA
URIBE,CENTRO EDUCATIVO EL DIVISO,SEDE PRINCIPAL EL DIVISO,CAA,2,2,0,COMPLETA
URIBE,CENTRO EDUCATIVO EL DIVISO,SEDE CANDILEJAS,CAA,1,1,0,COMPLETA
URIBE,CENTRO EDUCATIVO EL DIVISO,SEDE EL GUAYABERO,CAJM/JT-RI,0,0,0,COMPLETA
URIBE,CENTRO EDUCATIVO EL DIVISO,SEDE EL PARAISO,CAA,1,1,0,COMPLETA
URIBE,CENTRO EDUCATIVO EL DIVISO,SEDE EL PROGRESO,CAJM/JT-RI,0,0,0,COMPLETA
URIBE,CENTRO EDUCATIVO EL DIVISO,SEDE EL SALITRE,CAJM/JT-RI,0,0,0,COMPLETA
URIBE,CENTRO EDUCATIVO EL DIVISO,SEDE GAVIOTAS,CAJM/JT-RI,0,0,0,COMPLETA
URIBE,CENTRO EDUCATIVO EL DIVISO,SEDE LA ARGELIA,CAA,1,1,0,COMPLETA
URIBE,CENTRO EDUCATIVO EL DIVISO,SEDE SAN CARLOS,CAA,1,1,0,COMPLETA
URIBE,CENTRO EDUCATIVO EL DIVISO,SEDE SANTANDER,CAJM/JT-RI,0,0,0,COMPLETA
URIBE,CENTRO EDUCATIVO EL DIVISO,SEDE EL EDEN,CAA,1,1,0,COMPLETA
URIBE,CENTRO EDUCATIVO EL DIVISO,SEDE LA UNION,CAA,1,1,0,COMPLETA
URIBE,CENTRO EDUCATIVO EL DIVISO,SEDE EL TIGRE,CAJM/JT-RI,0,0,0,COMPLETA
URIBE,INSTITUCIÓN EDUCATIVA LA JULIA,SEDE ALTO DUDA,CAJM/JT-RI,0,0,0,COMPLETA
URIBE,INSTITUCIÓN EDUCATIVA LA JULIA,SEDE BAJA ESTRELLA,CAJM/JT-RI,0,0,0,COMPLETA
URIBE,INSTITUCIÓN EDUCATIVA LA JULIA,SEDE BUENOS AIRES,CAJM/JT-RI,0,0,0,COMPLETA
URIBE,INSTITUCIÓN EDUCATIVA LA JULIA,SEDE EL PLACER,CAA,1,1,0,COMPLETA
URIBE,INSTITUCIÓN EDUCATIVA LA JULIA,SEDE EL RESGUARDO,CAJM/JT-RI,0,0,0,COMPLETA
URIBE,INSTITUCIÓN EDUCATIVA LA JULIA,SEDE EL TRIUNFO,CAJM/JT-RI,0,0,0,COMPLETA
URIBE,INSTITUCIÓN EDUCATIVA LA JULIA,SEDE ESPELDA,CAJM/JT-RI,0,0,0,COMPLETA
URIBE,INSTITUCIÓN EDUCATIVA LA JULIA,SEDE JUAN LEON,CAARES,2,2,0,COMPLETA
URIBE,INSTITUCIÓN EDUCATIVA LA JULIA,SEDE LA AMISTAD,CAJM/JT-RI,0,0,0,COMPLETA
URIBE,INSTITUCIÓN EDUCATIVA LA JULIA,SEDE LA BELLEZA,CAJM/JT-RI,0,0,0,COMPLETA
URIBE,INSTITUCIÓN EDUCATIVA LA JULIA,SEDE LA CHAMUZA,CAJM/JT-RI,0,0,0,COMPLETA
URIBE,INSTITUCIÓN EDUCATIVA LA JULIA,SEDE LA PALESTINA,CAJM/JT-RI,0,0,0,COMPLETA
URIBE,INSTITUCIÓN EDUCATIVA LA JULIA,SEDE LA PISTA,CAA,1,1,0,COMPLETA
URIBE,INSTITUCIÓN EDUCATIVA LA JULIA,SEDE LA PRIMAVERA,CAA,1,1,0,COMPLETA
URIBE,INSTITUCIÓN EDUCATIVA LA JULIA,SEDE LA SIRIA,CAJM/JT-RI,0,0,0,COMPLETA
URIBE,INSTITUCIÓN EDUCATIVA LA JULIA,SEDE LAS ROSAS,CAJM/JT-RI,0,0,0,COMPLETA
URIBE,INSTITUCIÓN EDUCATIVA LA JULIA,SEDE MANSITAS,CAJM/JT-RI,0,0,0,COMPLETA
URIBE,INSTITUCIÓN EDUCATIVA LA JULIA,SEDE MONTEALEGRE,CAJM/JT-RI,0,0,0,COMPLETA
URIBE,INSTITUCIÓN EDUCATIVA LA JULIA,SEDE PALMAR BAJO,CAJM/JT-RI,0,0,0,COMPLETA
URIBE,INSTITUCIÓN EDUCATIVA LA JULIA,SEDE PAUJIL,CAJM/JT-RI,0,0,0,COMPLETA
URIBE,INSTITUCIÓN EDUCATIVA LA JULIA,SEDE PRINCIPAL LA JULIA,CAJM/JT-RI,3,3,0,COMPLETA
URIBE,INSTITUCIÓN EDUCATIVA LA JULIA,SEDE PRINCIPAL LA JULIA,CAARES,4,4,0,COMPLETA
URIBE,INSTITUCIÓN EDUCATIVA LA JULIA,SEDE SIRIA BAJA,CAJM/JT-RI,0,0,0,COMPLETA
URIBE,INSTITUCIÓN EDUCATIVA LA JULIA,SEDE TIERRADENTRO,CAJM/JT-RI,0,0,0,COMPLETA
URIBE,INSTITUCIÓN EDUCATIVA LA JULIA,TIERRADENTRO BAJO,CAJM/JT-RI,0,0,0,COMPLETA
URIBE,INSTITUCIÓN EDUCATIVA LA JULIA,LA PAZ,CAJM/JT-RI,0,0,0,COMPLETA
URIBE,INSTITUCIÓN EDUCATIVA RAFAEL URIBE URIBE,SEDE RAFAEL URIBE URIBE PRIMARIA,CAJM/JT-RI,1,1,0,COMPLETA
URIBE,INSTITUCIÓN EDUCATIVA RAFAEL URIBE URIBE,SEDE PRINCIPAL RAFAEL URIBE URIBE,CAJM/JT-RI,1,1,0,COMPLETA
URIBE,INSTITUCIÓN EDUCATIVA RAFAEL URIBE URIBE,SEDE PRINCIPAL RAFAEL URIBE URIBE,CAARES,3,3,0,COMPLETA
URIBE,INSTITUCIÓN EDUCATIVA RAFAEL URIBE URIBE,SEDE ALTO DIAMANTE,CAJM/JT-RI,0,0,0,COMPLETA
URIBE,INSTITUCIÓN EDUCATIVA RAFAEL URIBE URIBE,SEDE EL MIRADOR,CAJM/JT-RI,0,0,0,COMPLETA
URIBE,INSTITUCIÓN EDUCATIVA RAFAEL URIBE URIBE,SEDE EL VERGEL,CAA,1,1,0,COMPLETA
URIBE,INSTITUCIÓN EDUCATIVA RAFAEL URIBE URIBE,SEDE EXPLANACION,CAJM/JT-RI,0,0,0,COMPLETA
URIBE,INSTITUCIÓN EDUCATIVA RAFAEL URIBE URIBE,SEDE LA GAITANA,CAJM/JT-RI,0,0,0,COMPLETA
URIBE,INSTITUCIÓN EDUCATIVA RAFAEL URIBE URIBE,SEDE LA LIBERTAD,CAA,1,1,0,COMPLETA
URIBE,INSTITUCIÓN EDUCATIVA RAFAEL URIBE URIBE,SEDE LOS PLANES,CAJM/JT-RI,0,0,0,COMPLETA
URIBE,INSTITUCIÓN EDUCATIVA RAFAEL URIBE URIBE,SEDE PAPAMENE,CAJM/JT-RI,0,0,0,COMPLETA
URIBE,INSTITUCIÓN EDUCATIVA RAFAEL URIBE URIBE,SEDE VERSALLES,CAJM/JT-RI,0,0,0,COMPLETA
URIBE,INSTITUCIÓN EDUCATIVA RAFAEL URIBE URIBE,SEDE YAVIA,CAJM/JT-RI,0,0,0,COMPLETA
VISTAHERMOSA,INSTITUCIÓN EDUCATIVA GABRIELA MISTRAL,SEDE ALTO CANAGUAY,CAJM/JT-RI,0,0,0,COMPLETA
VISTAHERMOSA,INSTITUCIÓN EDUCATIVA GABRIELA MISTRAL,SEDE ALTO DELICIAS,CAJM/JT-RI,0,0,0,COMPLETA
VISTAHERMOSA,INSTITUCIÓN EDUCATIVA GABRIELA MISTRAL,SEDE ALTO GUAIMI,CAJM/JT-RI,0,0,0,COMPLETA
VISTAHERMOSA,INSTITUCIÓN EDUCATIVA GABRIELA MISTRAL,SEDE CANO MADRONO,CAJM/JT-RI,0,0,0,COMPLETA
VISTAHERMOSA,INSTITUCIÓN EDUCATIVA GABRIELA MISTRAL,SEDE EL LAUREL,CAJM/JT-RI,0,0,0,COMPLETA
VISTAHERMOSA,INSTITUCIÓN EDUCATIVA GABRIELA MISTRAL,SEDE GUAIMARAL,CAJM/JT-RI,0,0,0,COMPLETA
VISTAHERMOSA,INSTITUCIÓN EDUCATIVA GABRIELA MISTRAL,SEDE LA ARGENTINA,CAJM/JT-RI,0,0,0,COMPLETA
VISTAHERMOSA,INSTITUCIÓN EDUCATIVA GABRIELA MISTRAL,SEDE LA CABANA,CAJM/JT-RI,0,0,0,COMPLETA
VISTAHERMOSA,INSTITUCIÓN EDUCATIVA GABRIELA MISTRAL,SEDE LA ESPANOLA,CAJM/JT-RI,0,0,0,COMPLETA
VISTAHERMOSA,INSTITUCIÓN EDUCATIVA GABRIELA MISTRAL,SEDE PRINCIPAL GABRIELA MISTRAL,CAA-JU,3,3,0,COMPLETA
VISTAHERMOSA,INSTITUCIÓN EDUCATIVA GABRIELA MISTRAL,SEDE PRINCIPAL GABRIELA MISTRAL,CAJU-RI,1,1,0,COMPLETA
VISTAHERMOSA,INSTITUCIÓN EDUCATIVA GABRIELA MISTRAL,SEDE SIMON BOLIVAR,CAJM/JT-RI,0,0,0,COMPLETA
VISTAHERMOSA,INSTITUCIÓN EDUCATIVA LOS CENTAUROS,SEDE LA ESPERANZA,CAJM/JT-RI,2,2,0,COMPLETA
VISTAHERMOSA,INSTITUCIÓN EDUCATIVA LOS CENTAUROS,SEDE NUEVO HORIZONTE,CAJM/JT-RI,1,1,0,COMPLETA
VISTAHERMOSA,INSTITUCIÓN EDUCATIVA LOS CENTAUROS,SEDE PRINCIPAL LOS CENTAUROS,CAJM/JT-RI,3,3,0,COMPLETA
VISTAHERMOSA,INSTITUCIÓN EDUCATIVA LOS CENTAUROS,SEDE VENCEDORES DEL VARGAS,CAA,3,3,0,COMPLETA
VISTAHERMOSA,INSTITUCIÓN EDUCATIVA PEDRO NEL JIMENEZ OBANDO,SEDE CANO AMARILLO,CAA,2,2,0,COMPLETA
VISTAHERMOSA,INSTITUCIÓN EDUCATIVA PEDRO NEL JIMENEZ OBANDO,SEDE GUAPAYA BAJO,CAJM/JT-RI,0,0,0,COMPLETA
VISTAHERMOSA,INSTITUCIÓN EDUCATIVA PEDRO NEL JIMENEZ OBANDO,SEDE GUAPAYA MEDIO,CAJM/JT-RI,0,0,0,COMPLETA
VISTAHERMOSA,INSTITUCIÓN EDUCATIVA PEDRO NEL JIMENEZ OBANDO,SEDE MELENDEZ ANGEL,CAJM/JT-RI,0,0,0,COMPLETA
VISTAHERMOSA,INSTITUCIÓN EDUCATIVA PEDRO NEL JIMENEZ OBANDO,SEDE PRINCIPAL PEDRO NEL JIMENEZ OBANDO,CAA,2,2,0,COMPLETA
VISTAHERMOSA,INSTITUCIÓN EDUCATIVA PEDRO NEL JIMENEZ OBANDO,SEDE PRINCIPAL PEDRO NEL JIMENEZ OBANDO,CAARES,3,3,0,COMPLETA
VISTAHERMOSA,INSTITUCIÓN EDUCATIVA RAMON ARROYAVE,SEDE ALTO BUENOS AIRES,CAJM/JT-RI,0,0,0,COMPLETA
VISTAHERMOSA,INSTITUCIÓN EDUCATIVA RAMON ARROYAVE,SEDE ALTO GUAPAYA,CAJM/JT-RI,0,0,0,COMPLETA
VISTAHERMOSA,INSTITUCIÓN EDUCATIVA RAMON ARROYAVE,SEDE BUENOS AIRES,CAA,1,1,0,COMPLETA
VISTAHERMOSA,INSTITUCIÓN EDUCATIVA RAMON ARROYAVE,SEDE CANO VEINTE,CAJM/JT-RI,0,0,0,COMPLETA
VISTAHERMOSA,INSTITUCIÓN EDUCATIVA RAMON ARROYAVE,SEDE LA ALBANIA,CAA,1,1,0,COMPLETA
VISTAHERMOSA,INSTITUCIÓN EDUCATIVA RAMON ARROYAVE,SEDE PRINCIPAL LA PALESTINA,CAA,3,3,0,COMPLETA
VISTAHERMOSA,INSTITUCIÓN EDUCATIVA RAMON ARROYAVE,SEDE PRINCIPAL LA PALESTINA,CAARES,3,3,0,COMPLETA
VISTAHERMOSA,INSTITUCIÓN EDUCATIVA RAMON ARROYAVE,SEDE EL PORVENIR,CAJM/JT-RI,0,0,0,COMPLETA
VISTAHERMOSA,INSTITUCIÓN EDUCATIVA RAMON ARROYAVE,SEDE LA CRISTALINA,CAJM/JT-RI,0,0,0,COMPLETA
VISTAHERMOSA,INSTITUCIÓN EDUCATIVA SANTO DOMINGO,SEDE AGUALINDA,CAJM/JT-RI,0,0,0,COMPLETA
VISTAHERMOSA,INSTITUCIÓN EDUCATIVA SANTO DOMINGO,SEDE CANO DIAMANTE,CAJM/JT-RI,0,0,0,COMPLETA
VISTAHERMOSA,INSTITUCIÓN EDUCATIVA SANTO DOMINGO,SEDE EL DORADO,CAJM/JT-RI,0,0,0,COMPLETA
VISTAHERMOSA,INSTITUCIÓN EDUCATIVA SANTO DOMINGO,SEDE EL ENCANTO,CAJM/JT-RI,0,0,0,COMPLETA
VISTAHERMOSA,INSTITUCIÓN EDUCATIVA SANTO DOMINGO,SEDE EL RECREO,CAJM/JT-RI,0,0,0,COMPLETA
VISTAHERMOSA,INSTITUCIÓN EDUCATIVA SANTO DOMINGO,SEDE EL VERGEL,CAJM/JT-RI,0,0,0,COMPLETA
VISTAHERMOSA,INSTITUCIÓN EDUCATIVA SANTO DOMINGO,SEDE LA REFORMA,CAJM/JT-RI,0,0,0,COMPLETA
VISTAHERMOSA,INSTITUCIÓN EDUCATIVA SANTO DOMINGO,SEDE LA SIBERIA,CAJM/JT-RI,0,0,0,COMPLETA
VISTAHERMOSA,INSTITUCIÓN EDUCATIVA SANTO DOMINGO,SEDE LAS PALMERAS,CAJM/JT-RI,0,0,0,COMPLETA
VISTAHERMOSA,INSTITUCIÓN EDUCATIVA SANTO DOMINGO,SEDE LOMA LINDA,CAJM/JT-RI,0,0,0,COMPLETA
VISTAHERMOSA,INSTITUCIÓN EDUCATIVA SANTO DOMINGO,SEDE PRINCIPAL SANTO DOMINGO,CAA,3,2,-1,DEFICIT
VISTAHERMOSA,INSTITUCIÓN EDUCATIVA SANTO DOMINGO,SEDE NUEVA COLOMBIA,CAA,1,1,0,COMPLETA
VISTAHERMOSA,INSTITUCIÓN EDUCATIVA SANTO DOMINGO,SEDE TERCER MILENIO,CAJM/JT-RI,0,0,0,COMPLETA
VISTAHERMOSA,CENTRO EDUCATIVO PUERTO LUCAS MARGEN DERECHA,SEDE PRINCIPAL PUERTO LUCAS MARGEN DERECHA,CAJM/JT-RI,0,0,0,COMPLETA
VISTAHERMOSA,CENTRO EDUCATIVO PUERTO LUCAS MARGEN DERECHA,SEDE COSTA RICA,CAA,2,2,0,COMPLETA
VISTAHERMOSA,CENTRO EDUCATIVO PUERTO LUCAS MARGEN DERECHA,SEDE LA MARINA,CAJM/JT-RI,0,0,0,COMPLETA
VISTAHERMOSA,CENTRO EDUCATIVO PUERTO LUCAS MARGEN DERECHA,SEDE TROCHA LA VEINTISEIS,CAJM/JT-RI,0,0,0,COMPLETA
VISTAHERMOSA,CENTRO EDUCATIVO PUERTO LUCAS MARGEN DERECHA,SEDE PUERTO ESPERANZA MARGEN IZQUIERDO,CAJM/JT-RI,0,0,0,COMPLETA
VISTAHERMOSA,CENTRO EDUCATIVO PUERTO LUCAS MARGEN DERECHA,SEDE EL PROGRESO DEL GUEJAR,CAJM/JT-RI,0,0,0,COMPLETA
VISTAHERMOSA,CENTRO EDUCATIVO PUERTO LUCAS MARGEN DERECHA,SEDE SAN JOSE DE JAMUCO,CAJM/JT-RI,0,0,0,COMPLETA
VISTAHERMOSA,CENTRO EDUCATIVO PUERTO LUCAS MARGEN DERECHA,SEDE ALTO TERMALES,CAJM/JT-RI,0,0,0,COMPLETA
VISTAHERMOSA,CENTRO EDUCATIVO PUERTO LUCAS MARGEN DERECHA,SEDE CANO BLANCO,CAJM/JT-RI,0,0,0,COMPLETA
VISTAHERMOSA,CENTRO EDUCATIVO PUERTO LUCAS MARGEN DERECHA,SEDE JORGE ELIECER GARZON VELASCO,CAJM/JT-RI,0,0,0,COMPLETA