fecha_consulta,sede_modalidad_id,municipio_id,institucion_id,sede_id,modalidad_id,requeridas,asignadas,diferencia,estado
2026-08-22,1,4,1,1,1,1,1,0,COMPLETA
2026-08-22,2,4,1,2,3,16,4,-12,DEFICIT
2026-08-22,3,4,2,3,1,16,4,-12,DEFICIT
2026-08-22,4,4,2,4,3,1,1,0,COMPLETA
2026-08-22,5,4,3,5,1,16,4,-12,DEFICIT
2026-08-22,6,4,3,6,3,4,2,-2,DEFICIT
2026-08-22,7,4,3,7,3,1,1,0,COMPLETA
2026-08-22,8,4,3,8,3,9,3,-6,DEFICIT
2026-08-22,9,4,3,9,3,4,2,-2,DEFICIT
2026-08-22,10,4,4,10,3,9,3,-6,DEFICIT
2026-08-22,11,4,5,11,3,9,3,-6,DEFICIT
2026-08-22,12,4,6,12,3,0,0,0,COMPLETA
2026-08-22,13,4,6,13,1,1,1,0,COMPLETA
2026-08-22,14,4,6,14,1,1,1,0,COMPLETA
2026-08-22,15,4,6,15,3,0,0,0,COMPLETA
2026-08-22,16,4,6,16,3,0,0,0,COMPLETA
2026-08-22,17,4,6,17,3,0,0,0,COMPLETA
2026-08-22,18,4,6,18,3,1,0,-1,DEFICIT
2026-08-22,19,4,6,18,4,2,2,0,COMPLETA
2026-08-22,20,4,6,18,5,9,3,-6,DEFICIT
2026-08-22,21,4,6,18,2,4,2,-2,DEFICIT
2026-08-22,22,4,6,19,1,1,1,0,COMPLETA
2026-08-22,23,4,7,20,3,4,2,-2,DEFICIT
2026-08-22,24,4,7,21,3,16,4,-12,DEFICIT
2026-08-22,25,4,8,22,1,16,4,-12,DEFICIT
2026-08-22,26,4,8,23,3,4,2,-2,DEFICIT
2026-08-22,27,87,9,24,4,9,3,-6,DEFICIT
2026-08-22,28,87,9,24,5,25,5,-20,DEFICIT
2026-08-22,29,87,9,25,3,9,3,-6,DEFICIT
2026-08-22,30,87,9,25,1,9,3,-6,DEFICIT
2026-08-22,31,134,10,26,3,0,0,0,COMPLETA
2026-08-22,32,134,10,27,3,2,2,0,COMPLETA
2026-08-22,33,134,10,28,3,0,0,0,COMPLETA
2026-08-22,34,134,11,29,3,0,0,0,COMPLETA
2026-08-22,35,134,11,30,3,1,1,0,COMPLETA
2026-08-22,36,134,11,31,3,0,0,0,COMPLETA
2026-08-22,37,134,11,32,3,0,0,0,COMPLETA
2026-08-22,38,134,12,33,3,16,4,-12,DEFICIT
2026-08-22,39,134,12,33,2,9,3,-6,DEFICIT
2026-08-22,40,181,13,34,4,0,0,0,COMPLETA
2026-08-22,41,181,13,35,4,0,0,0,COMPLETA
2026-08-22,42,181,13,36,4,0,0,0,COMPLETA
2026-08-22,43,181,13,37,4,0,0,0,COMPLETA
2026-08-22,44,181,13,38,4,0,0,0,COMPLETA
2026-08-22,45,181,13,39,4,0,0,0,COMPLETA
2026-08-22,46,181,13,40,4,0,0,0,COMPLETA
2026-08-22,47,181,13,41,4,1,1,0,COMPLETA
2026-08-22,48,181,13,42,4,0,0,0,COMPLETA
2026-08-22,49,181,13,43,4,0,0,0,COMPLETA
2026-08-22,50,181,14,44,4,16,4,-12,DEFICIT
2026-08-22,51,181,15,45,4,16,4,-12,DEFICIT
2026-08-22,52,268,16,46,3,4,2,-2,DEFICIT
2026-08-22,53,268,16,46,1,9,3,-6,DEFICIT
2026-08-22,54,268,16,46,2,4,2,-2,DEFICIT
2026-08-22,55,268,17,47,3,9,3,-6,DEFICIT
2026-08-22,56,268,17,47,1,6,2,-4,DEFICIT
2026-08-22,57,268,17,48,3,16,4,-12,DEFICIT
2026-08-22,58,268,18,49,3,0,0,0,COMPLETA
2026-08-22,59,268,18,50,1,2,2,0,COMPLETA
2026-08-22,60,268,18,51,3,0,0,0,COMPLETA
2026-08-22,61,268,18,51,4,4,2,-2,DEFICIT
2026-08-22,62,268,18,51,5,20,5,-15,DEFICIT
2026-08-22,63,268,18,52,3,0,0,0,COMPLETA
2026-08-22,64,268,19,53,3,1,1,0,COMPLETA
2026-08-22,65,268,19,54,3,0,0,0,COMPLETA
2026-08-22,66,268,19,55,1,4,2,-2,DEFICIT
2026-08-22,67,268,19,55,3,16,4,-12,DEFICIT
2026-08-22,68,290,20,56,3,0,0,0,COMPLETA
2026-08-22,69,290,20,56,2,16,4,-12,DEFICIT
2026-08-22,70,290,20,57,3,0,0,0,COMPLETA
2026-08-22,71,290,21,58,4,0,0,0,COMPLETA
2026-08-22,72,290,21,58,5,1,1,0,COMPLETA
2026-08-22,73,290,21,58,2,16,4,-12,DEFICIT
2026-08-22,74,290,21,59,3,0,0,0,COMPLETA
2026-08-22,75,297,22,60,3,0,0,0,COMPLETA
2026-08-22,76,297,22,61,3,0,0,0,COMPLETA
2026-08-22,77,297,22,62,3,0,0,0,COMPLETA
2026-08-22,78,297,22,63,3,0,0,0,COMPLETA
2026-08-22,79,297,22,64,3,0,0,0,COMPLETA
2026-08-22,80,297,22,65,1,1,1,0,COMPLETA
2026-08-22,81,297,22,65,2,4,2,-2,DEFICIT
2026-08-22,82,297,23,66,1,9,3,-6,DEFICIT
2026-08-22,83,297,23,67,1,25,5,-20,DEFICIT
2026-08-22,84,297,23,67,2,4,2,-2,DEFICIT
2026-08-22,85,304,24,68,3,4,2,-2,DEFICIT
2026-08-22,86,304,24,69,1,1,1,0,COMPLETA
2026-08-22,87,304,24,69,2,4,2,-2,DEFICIT
2026-08-22,88,304,24,70,1,4,2,-2,DEFICIT
2026-08-22,89,357,25,71,3,0,0,0,COMPLETA
2026-08-22,90,357,25,72,3,0,0,0,COMPLETA
2026-08-22,91,357,25,73,1,1,1,0,COMPLETA
2026-08-22,92,357,25,74,3,0,0,0,COMPLETA
2026-08-22,93,357,25,75,1,1,1,0,COMPLETA
2026-08-22,94,357,25,76,3,0,0,0,COMPLETA
2026-08-22,95,357,25,77,3,0,0,0,COMPLETA
2026-08-22,96,357,25,78,1,9,3,-6,DEFICIT
2026-08-22,97,357,25,78,2,4,2,-2,DEFICIT
2026-08-22,98,357,25,79,3,0,0,0,COMPLETA
2026-08-22,99,357,25,80,1,1,1,0,COMPLETA
2026-08-22,100,357,25,81,3,0,0,0,COMPLETA
2026-08-22,101,357,25,82,3,0,0,0,COMPLETA
2026-08-22,102,357,26,83,3,0,0,0,COMPLETA
2026-08-22,103,357,26,84,3,0,0,0,COMPLETA
2026-08-22,104,357,26,85,3,0,0,0,COMPLETA
2026-08-22,105,357,26,86,3,1,1,0,COMPLETA
2026-08-22,106,357,26,86,1,9,3,-6,DEFICIT
2026-08-22,107,357,26,87,3,0,0,0,COMPLETA
2026-08-22,108,357,27,88,1,54,9,-45,DEFICIT
2026-08-22,109,388,28,89,3,9,3,-6,DEFICIT
2026-08-22,110,388,28,89,1,9,3,-6,DEFICIT
2026-08-22,111,388,28,89,2,9,3,-6,DEFICIT
2026-08-22,112,388,29,90,3,3,0,-3,DEFICIT
2026-08-22,113,388,29,91,3,2,0,-2,DEFICIT
2026-08-22,114,388,29,91,4,21,7,-14,DEFICIT
2026-08-22,115,388,29,91,5,25,5,-20,DEFICIT
2026-08-22,116,388,30,92,3,9,3,-6,DEFICIT
2026-08-22,117,388,30,93,1,16,4,-12,DEFICIT
2026-08-22,118,388,30,94,1,16,4,-12,DEFICIT
2026-08-22,119,388,30,95,3,1,1,0,COMPLETA
2026-08-22,120,388,30,96,3,0,0,0,COMPLETA
2026-08-22,121,388,30,97,3,16,4,-12,DEFICIT
2026-08-22,122,388,31,98,3,0,0,0,COMPLETA
2026-08-22,123,388,31,99,3,0,0,0,COMPLETA
2026-08-22,124,388,31,100,3,0,0,0,COMPLETA
2026-08-22,125,388,31,101,3,0,0,0,COMPLETA
2026-08-22,126,388,31,102,1,9,3,-6,DEFICIT
2026-08-22,127,388,31,103,3,0,0,0,COMPLETA
2026-08-22,128,388,32,104,3,16,4,-12,DEFICIT
2026-08-22,129,388,32,104,2,4,2,-2,DEFICIT
2026-08-22,130,388,33,105,1,9,3,-6,DEFICIT
2026-08-22,131,388,33,106,3,1,1,0,COMPLETA
2026-08-22,132,388,33,107,3,16,4,-12,DEFICIT
2026-08-22,133,388,34,108,3,0,0,0,COMPLETA
2026-08-22,134,388,34,109,3,0,0,0,COMPLETA
2026-08-22,135,388,34,110,3,0,0,0,COMPLETA
2026-08-22,136,388,34,111,1,4,2,-2,DEFICIT
2026-08-22,137,388,34,112,3,0,0,0,COMPLETA
2026-08-22,138,388,34,113,3,0,0,0,COMPLETA
2026-08-22,139,388,34,114,1,9,3,-6,DEFICIT
2026-08-22,140,388,35,115,3,4,2,-2,DEFICIT
2026-08-22,141,388,35,116,3,1,1,0,COMPLETA
2026-08-22,142,388,35,117,3,16,4,-12,DEFICIT
2026-08-22,143,388,35,118,3,1,1,0,COMPLETA
2026-08-22,144,388,36,119,3,1,1,0,COMPLETA
2026-08-22,145,388,36,119,1,4,2,-2,DEFICIT
2026-08-22,146,388,36,119,2,16,4,-12,DEFICIT
2026-08-22,147,388,37,120,1,9,3,-6,DEFICIT
2026-08-22,148,388,37,121,3,9,3,-6,DEFICIT
2026-08-22,149,403,38,122,3,16,4,-12,DEFICIT
2026-08-22,150,477,39,123,3,1,1,0,COMPLETA
2026-08-22,151,477,39,124,3,0,0,0,COMPLETA
2026-08-22,152,477,39,125,3,0,0,0,COMPLETA
2026-08-22,153,477,39,126,3,0,0,0,COMPLETA
2026-08-22,154,477,39,127,3,0,0,0,COMPLETA
2026-08-22,155,477,39,128,1,1,1,0,COMPLETA
2026-08-22,156,477,39,129,3,0,0,0,COMPLETA
2026-08-22,157,477,39,130,3,0,0,0,COMPLETA
2026-08-22,158,477,39,131,3,0,0,0,COMPLETA
2026-08-22,159,477,39,132,3,0,0,0,COMPLETA
2026-08-22,160,477,39,133,3,0,0,0,COMPLETA
2026-08-22,161,477,39,134,3,0,0,0,COMPLETA
2026-08-22,162,477,39,135,1,1,1,0,COMPLETA
2026-08-22,163,477,40,136,1,4,2,-2,DEFICIT
2026-08-22,164,477,40,136,2,9,3,-6,DEFICIT
2026-08-22,165,477,40,137,3,0,0,0,COMPLETA
2026-08-22,166,477,40,138,3,0,0,0,COMPLETA
2026-08-22,167,477,40,139,3,0,0,0,COMPLETA
2026-08-22,168,477,40,140,3,0,0,0,COMPLETA
2026-08-22,169,477,40,141,3,0,0,0,COMPLETA
2026-08-22,170,477,40,142,3,0,0,0,COMPLETA
2026-08-22,171,477,40,143,3,0,0,0,COMPLETA
2026-08-22,172,477,40,144,3,0,0,0,COMPLETA
2026-08-22,173,477,40,145,3,0,0,0,COMPLETA
2026-08-22,174,477,40,146,3,0,0,0,COMPLETA
2026-08-22,175,477,40,147,3,0,0,0,COMPLETA
2026-08-22,176,477,40,148,3,0,0,0,COMPLETA
2026-08-22,177,477,40,149,3,0,0,0,COMPLETA
2026-08-22,178,477,40,150,3,0,0,0,COMPLETA
2026-08-22,179,477,40,151,3,0,0,0,COMPLETA
2026-08-22,180,477,40,152,3,0,0,0,COMPLETA
2026-08-22,181,477,40,153,3,0,0,0,COMPLETA
2026-08-22,182,477,40,154,3,0,0,0,COMPLETA
2026-08-22,183,477,41,155,1,1,1,0,COMPLETA
2026-08-22,184,477,41,155,2,4,2,-2,DEFICIT
2026-08-22,185,477,41,156,3,0,0,0,COMPLETA
2026-08-22,186,477,41,157,3,0,0,0,COMPLETA
2026-08-22,187,477,41,158,3,0,0,0,COMPLETA
2026-08-22,188,477,41,159,3,0,0,0,COMPLETA
2026-08-22,189,477,41,160,1,1,1,0,COMPLETA
2026-08-22,190,477,41,161,3,0,0,0,COMPLETA
2026-08-22,191,477,41,162,3,0,0,0,COMPLETA
2026-08-22,192,477,41,163,3,0,0,0,COMPLETA
2026-08-22,193,477,41,164,1,1,1,0,COMPLETA
2026-08-22,194,477,41,165,1,1,1,0,COMPLETA
2026-08-22,195,477,41,166,3,0,0,0,COMPLETA
2026-08-22,196,477,42,167,1,1,1,0,COMPLETA
2026-08-22,197,477,42,167,2,4,2,-2,DEFICIT
2026-08-22,198,477,42,168,1,1,1,0,COMPLETA
2026-08-22,199,477,42,168,2,1,1,0,COMPLETA
2026-08-22,200,477,42,169,3,0,0,0,COMPLETA
2026-08-22,201,477,42,170,3,0,0,0,COMPLETA
2026-08-22,202,477,42,171,3,0,0,0,COMPLETA
2026-08-22,203,477,42,172,3,0,0,0,COMPLETA
2026-08-22,204,477,42,173,3,0,0,0,COMPLETA
2026-08-22,205,477,42,174,3,0,0,0,COMPLETA
2026-08-22,206,477,42,175,3,0,0,0,COMPLETA
2026-08-22,207,477,42,176,3,0,0,0,COMPLETA
2026-08-22,208,477,42,177,3,0,0,0,COMPLETA
2026-08-22,209,477,42,178,3,0,0,0,COMPLETA
2026-08-22,210,477,42,179,3,0,0,0,COMPLETA
2026-08-22,211,477,42,180,3,0,0,0,COMPLETA
2026-08-22,212,477,42,181,1,1,1,0,COMPLETA
2026-08-22,213,477,42,182,3,0,0,0,COMPLETA
2026-08-22,214,477,42,183,3,0,0,0,COMPLETA
2026-08-22,215,477,42,184,1,1,1,0,COMPLETA
2026-08-22,216,477,43,185,3,0,0,0,COMPLETA
2026-08-22,217,477,43,186,3,0,0,0,COMPLETA
2026-08-22,218,477,43,187,3,0,0,0,COMPLETA
2026-08-22,219,477,43,188,1,1,1,0,COMPLETA
2026-08-22,220,477,43,189,3,0,0,0,COMPLETA
2026-08-22,221,477,43,190,1,1,1,0,COMPLETA
2026-08-22,222,477,43,191,3,0,0,0,COMPLETA
2026-08-22,223,477,43,192,3,0,0,0,COMPLETA
2026-08-22,224,477,43,193,1,1,1,0,COMPLETA
2026-08-22,225,477,43,194,1,4,2,-2,DEFICIT
2026-08-22,226,477,43,195,1,1,1,0,COMPLETA
2026-08-22,227,477,44,196,1,1,1,0,COMPLETA
2026-08-22,228,477,44,197,1,1,1,0,COMPLETA
2026-08-22,229,477,44,198,1,1,1,0,COMPLETA
2026-08-22,230,477,44,198,2,9,3,-6,DEFICIT
2026-08-22,231,477,44,199,1,25,5,-20,DEFICIT
2026-08-22,232,477,44,200,1,24,6,-18,DEFICIT
2026-08-22,233,477,44,200,4,1,1,0,COMPLETA
2026-08-22,234,477,44,200,5,2,0,-2,DEFICIT
2026-08-22,235,477,44,200,2,9,3,-6,DEFICIT
2026-08-22,236,477,45,201,3,0,0,0,COMPLETA
2026-08-22,237,477,45,202,3,0,0,0,COMPLETA
2026-08-22,238,477,45,203,3,0,0,0,COMPLETA
2026-08-22,239,477,45,204,3,0,0,0,COMPLETA
2026-08-22,240,477,45,205,3,0,0,0,COMPLETA
2026-08-22,241,477,45,206,3,0,0,0,COMPLETA
2026-08-22,242,477,45,207,1,1,1,0,COMPLETA
2026-08-22,243,477,45,208,3,0,0,0,COMPLETA
2026-08-22,244,477,45,209,3,0,0,0,COMPLETA
2026-08-22,245,477,45,210,1,9,3,-6,DEFICIT
2026-08-22,246,477,45,210,2,9,3,-6,DEFICIT
2026-08-22,247,477,45,211,1,1,1,0,COMPLETA
2026-08-22,248,477,45,212,3,0,0,0,COMPLETA
2026-08-22,249,477,46,213,3,0,0,0,COMPLETA
2026-08-22,250,477,46,214,3,0,0,0,COMPLETA
2026-08-22,251,477,46,215,3,0,0,0,COMPLETA
2026-08-22,252,477,46,216,3,0,0,0,COMPLETA
2026-08-22,253,477,46,217,3,0,0,0,COMPLETA
2026-08-22,254,477,46,218,3,0,0,0,COMPLETA
2026-08-22,255,477,46,219,3,0,0,0,COMPLETA
2026-08-22,256,477,46,220,3,0,0,0,COMPLETA
2026-08-22,257,477,46,221,3,0,0,0,COMPLETA
2026-08-22,258,477,46,222,3,0,0,0,COMPLETA
2026-08-22,259,477,46,223,1,4,2,-2,DEFICIT
2026-08-22,260,477,46,223,2,4,2,-2,DEFICIT
2026-08-22,261,477,47,224,1,1,1,0,COMPLETA
2026-08-22,262,477,47,225,1,1,1,0,COMPLETA
2026-08-22,263,477,47,226,1,1,1,0,COMPLETA
2026-08-22,264,477,47,227,1,1,1,0,COMPLETA
2026-08-22,265,477,47,228,1,1,1,0,COMPLETA
2026-08-22,266,477,47,228,2,9,3,-6,DEFICIT
2026-08-22,267,477,47,229,3,0,0,0,COMPLETA
2026-08-22,268,477,47,230,3,0,0,0,COMPLETA
2026-08-22,269,477,47,231,1,1,1,0,COMPLETA
2026-08-22,270,477,47,232,1,1,1,0,COMPLETA
2026-08-22,271,477,47,233,3,0,0,0,COMPLETA
2026-08-22,272,477,47,234,1,1,1,0,COMPLETA
2026-08-22,273,477,47,235,3,0,0,0,COMPLETA
2026-08-22,274,477,47,236,1,1,1,0,COMPLETA
2026-08-22,275,477,47,237,3,0,0,0,COMPLETA
2026-08-22,276,477,47,238,1,1,1,0,COMPLETA
2026-08-22,277,477,47,239,1,1,1,0,COMPLETA
2026-08-22,278,477,47,240,3,0,0,0,COMPLETA
2026-08-22,279,477,47,241,3,0,0,0,COMPLETA
2026-08-22,280,477,47,242,3,0,0,0,COMPLETA
2026-08-22,281,477,47,243,3,0,0,0,COMPLETA
2026-08-22,282,510,48,244,1,1,1,0,COMPLETA
2026-08-22,283,510,49,245,1,16,4,-12,DEFICIT
2026-08-22,284,510,49,246,3,4,2,-2,DEFICIT
2026-08-22,285,510,49,246,1,9,3,-6,DEFICIT
2026-08-22,286,510,49,246,2,2,1,-1,DEFICIT
2026-08-22,287,510,50,247,3,0,0,0,COMPLETA
2026-08-22,288,510,50,248,1,1,1,0,COMPLETA
2026-08-22,289,510,50,249,3,0,0,0,COMPLETA
2026-08-22,290,510,50,250,3,0,0,0,COMPLETA
2026-08-22,291,510,50,251,3,0,0,0,COMPLETA
2026-08-22,292,510,50,252,1,1,1,0,COMPLETA
2026-08-22,293,510,50,253,3,9,3,-6,DEFICIT
2026-08-22,294,510,50,254,1,4,2,-2,DEFICIT
2026-08-22,295,510,51,255,1,1,1,0,COMPLETA
2026-08-22,296,510,51,256,1,1,1,0,COMPLETA
2026-08-22,297,510,48,257,1,1,1,0,COMPLETA
2026-08-22,298,510,48,258,1,1,1,0,COMPLETA
2026-08-22,299,547,52,259,3,0,0,0,COMPLETA
2026-08-22,300,547,52,259,2,1,1,0,COMPLETA
2026-08-22,301,547,52,260,3,0,0,0,COMPLETA
2026-08-22,302,547,52,260,2,4,2,-2,DEFICIT
2026-08-22,303,547,52,261,3,0,0,0,COMPLETA
2026-08-22,304,547,52,262,3,0,0,0,COMPLETA
2026-08-22,305,547,52,263,3,0,0,0,COMPLETA
2026-08-22,306,547,52,264,3,0,0,0,COMPLETA
2026-08-22,307,547,52,265,3,0,0,0,COMPLETA
2026-08-22,308,547,52,266,3,0,0,0,COMPLETA
2026-08-22,309,547,53,267,3,0,0,0,COMPLETA
2026-08-22,310,547,53,268,1,1,1,0,COMPLETA
2026-08-22,311,547,53,269,3,0,0,0,COMPLETA
2026-08-22,312,547,53,270,3,0,0,0,COMPLETA
2026-08-22,313,547,53,270,2,9,3,-6,DEFICIT
2026-08-22,314,547,53,271,1,1,1,0,COMPLETA
2026-08-22,315,547,53,272,3,0,0,0,COMPLETA
2026-08-22,316,547,53,273,3,0,0,0,COMPLETA
2026-08-22,317,547,53,274,3,0,0,0,COMPLETA
2026-08-22,318,547,53,274,2,1,1,0,COMPLETA
2026-08-22,319,547,53,275,1,1,1,0,COMPLETA
2026-08-22,320,547,53,276,3,0,0,0,COMPLETA
2026-08-22,321,547,53,277,3,0,0,0,COMPLETA
2026-08-22,322,547,54,278,3,4,2,-2,DEFICIT
2026-08-22,323,547,54,279,3,9,3,-6,DEFICIT
2026-08-22,324,547,54,279,2,9,3,-6,DEFICIT
2026-08-22,325,547,54,280,3,0,0,0,COMPLETA
2026-08-22,326,547,54,281,3,0,0,0,COMPLETA
2026-08-22,327,547,54,282,3,0,0,0,COMPLETA
2026-08-22,328,547,54,283,3,0,0,0,COMPLETA
2026-08-22,329,547,54,284,3,0,0,0,COMPLETA
2026-08-22,330,565,55,285,3,0,0,0,COMPLETA
2026-08-22,331,565,55,286,3,0,0,0,COMPLETA
2026-08-22,332,565,55,287,3,0,0,0,COMPLETA
2026-08-22,333,565,55,288,3,0,0,0,COMPLETA
2026-08-22,334,565,55,289,3,0,0,0,COMPLETA
2026-08-22,335,565,55,290,3,0,0,0,COMPLETA
2026-08-22,336,565,55,291,3,0,0,0,COMPLETA
2026-08-22,337,565,55,292,3,0,0,0,COMPLETA
2026-08-22,338,565,55,293,3,0,0,0,COMPLETA
2026-08-22,339,565,55,294,3,0,0,0,COMPLETA
2026-08-22,340,565,55,295,3,0,0,0,COMPLETA
2026-08-22,341,565,55,296,3,0,0,0,COMPLETA
2026-08-22,342,565,56,297,3,0,0,0,COMPLETA
2026-08-22,343,565,56,298,3,0,0,0,COMPLETA
2026-08-22,344,565,56,299,3,0,0,0,COMPLETA
2026-08-22,345,565,56,300,1,4,2,-2,DEFICIT
2026-08-22,346,565,56,301,3,0,0,0,COMPLETA
2026-08-22,347,565,56,302,3,0,0,0,COMPLETA
2026-08-22,348,565,56,303,1,9,3,-6,DEFICIT
2026-08-22,349,565,57,304,3,0,0,0,COMPLETA
2026-08-22,350,565,57,305,3,0,0,0,COMPLETA
2026-08-22,351,565,57,306,3,0,0,0,COMPLETA
2026-08-22,352,565,57,307,3,0,0,0,COMPLETA
2026-08-22,353,565,57,308,3,0,0,0,COMPLETA
2026-08-22,354,565,57,309,3,0,0,0,COMPLETA
2026-08-22,355,565,57,310,3,0,0,0,COMPLETA
2026-08-22,356,565,57,311,3,0,0,0,COMPLETA
2026-08-22,357,565,57,312,3,0,0,0,COMPLETA
2026-08-22,358,565,57,313,3,0,0,0,COMPLETA
2026-08-22,359,565,57,314,3,0,0,0,COMPLETA
2026-08-22,360,565,57,315,1,9,3,-6,DEFICIT
2026-08-22,361,565,57,315,2,9,3,-6,DEFICIT
2026-08-22,362,565,58,316,3,4,2,-2,DEFICIT
2026-08-22,363,565,58,317,1,16,4,-12,DEFICIT
2026-08-22,364,565,59,318,3,0,0,0,COMPLETA
2026-08-22,365,565,59,319,3,0,0,0,COMPLETA
2026-08-22,366,565,59,320,3,0,0,0,COMPLETA
2026-08-22,367,565,59,321,3,0,0,0,COMPLETA
2026-08-22,368,565,59,322,1,4,2,-2,DEFICIT
2026-08-22,369,565,59,323,3,0,0,0,COMPLETA
2026-08-22,370,565,59,324,3,0,0,0,COMPLETA
2026-08-22,371,565,59,325,3,0,0,0,COMPLETA
2026-08-22,372,565,59,326,3,0,0,0,COMPLETA
2026-08-22,373,565,59,327,3,0,0,0,COMPLETA
2026-08-22,374,565,59,328,3,0,0,0,COMPLETA
2026-08-22,375,722,60,329,3,0,0,0,COMPLETA
2026-08-22,376,722,60,330,1,1,1,0,COMPLETA
2026-08-22,377,722,60,331,1,1,1,0,COMPLETA
2026-08-22,378,722,60,332,1,1,1,0,COMPLETA
2026-08-22,379,722,60,333,1,1,1,0,COMPLETA
2026-08-22,380,722,60,334,3,0,0,0,COMPLETA
2026-08-22,381,722,60,335,1,1,1,0,COMPLETA
2026-08-22,382,722,61,336,3,0,0,0,COMPLETA
2026-08-22,383,722,61,337,3,0,0,0,COMPLETA
2026-08-22,384,722,61,338,4,1,1,0,COMPLETA
2026-08-22,385,722,61,338,5,9,3,-6,DEFICIT
2026-08-22,386,722,61,339,3,1,1,0,COMPLETA
2026-08-22,387,722,61,340,3,0,0,0,COMPLETA
2026-08-22,388,722,62,341,1,16,4,-12,DEFICIT
2026-08-22,389,722,62,342,3,4,2,-2,DEFICIT
2026-08-22,390,722,62,342,2,9,3,-6,DEFICIT
2026-08-22,391,722,63,343,5,9,3,-6,DEFICIT
2026-08-22,392,722,63,343,4,1,1,0,COMPLETA
2026-08-22,393,722,63,344,3,0,0,0,COMPLETA
2026-08-22,394,722,63,345,3,0,0,0,COMPLETA
2026-08-22,395,722,63,346,5,1,1,0,COMPLETA
2026-08-22,396,722,63,346,4,0,0,0,COMPLETA
2026-08-22,397,722,63,347,5,1,1,0,COMPLETA
2026-08-22,398,722,63,347,4,0,0,0,COMPLETA
2026-08-22,399,722,63,348,5,4,2,-2,DEFICIT
2026-08-22,400,722,63,348,4,0,0,0,COMPLETA
2026-08-22,401,722,64,349,1,1,1,0,COMPLETA
2026-08-22,402,722,64,350,1,1,1,0,COMPLETA
2026-08-22,403,722,64,350,2,4,2,-2,DEFICIT
2026-08-22,404,722,64,351,3,0,0,0,COMPLETA
2026-08-22,405,722,64,352,3,0,0,0,COMPLETA
2026-08-22,406,722,64,353,3,0,0,0,COMPLETA
2026-08-22,407,722,64,354,1,1,1,0,COMPLETA
2026-08-22,408,722,64,355,1,1,1,0,COMPLETA
2026-08-22,409,722,64,356,1,1,1,0,COMPLETA
2026-08-22,410,722,64,356,2,9,3,-6,DEFICIT
2026-08-22,411,722,64,357,3,0,0,0,COMPLETA
2026-08-22,412,724,65,358,2,9,3,-6,DEFICIT
2026-08-22,413,724,65,359,2,4,2,-2,DEFICIT
2026-08-22,414,724,65,360,2,4,2,-2,DEFICIT
2026-08-22,415,724,65,361,2,4,2,-2,DEFICIT
2026-08-22,416,724,65,362,2,4,2,-2,DEFICIT
2026-08-22,417,724,66,363,2,4,2,-2,DEFICIT
2026-08-22,418,724,67,364,2,9,3,-6,DEFICIT
2026-08-22,419,724,67,365,2,9,3,-6,DEFICIT
2026-08-22,420,724,67,366,2,9,3,-6,DEFICIT
2026-08-22,421,728,68,367,3,0,0,0,COMPLETA
2026-08-22,422,728,68,367,2,1,1,0,COMPLETA
2026-08-22,423,728,68,368,1,4,2,-2,DEFICIT
2026-08-22,424,728,68,369,3,0,0,0,COMPLETA
2026-08-22,425,728,68,370,3,0,0,0,COMPLETA
2026-08-22,426,728,68,371,3,0,0,0,COMPLETA
2026-08-22,427,728,68,372,3,0,0,0,COMPLETA
2026-08-22,428,728,68,373,3,0,0,0,COMPLETA
2026-08-22,429,728,69,374,4,1,1,0,COMPLETA
2026-08-22,430,728,69,374,5,4,2,-2,DEFICIT
2026-08-22,431,728,69,374,2,9,3,-6,DEFICIT
2026-08-22,432,728,69,375,3,0,0,0,COMPLETA
2026-08-22,433,728,69,376,3,0,0,0,COMPLETA
2026-08-22,434,728,69,377,3,0,0,0,COMPLETA
2026-08-22,435,728,69,378,3,0,0,0,COMPLETA
2026-08-22,436,728,69,379,3,0,0,0,COMPLETA
2026-08-22,437,728,69,380,3,0,0,0,COMPLETA
2026-08-22,438,728,69,381,3,0,0,0,COMPLETA
2026-08-22,439,728,70,382,4,0,0,0,COMPLETA
2026-08-22,440,728,70,382,5,1,1,0,COMPLETA
2026-08-22,441,728,70,383,4,0,0,0,COMPLETA
2026-08-22,442,728,70,383,5,1,1,0,COMPLETA
2026-08-22,443,728,70,383,2,9,3,-6,DEFICIT
2026-08-22,444,728,70,384,3,0,0,0,COMPLETA
2026-08-22,445,728,70,385,3,0,0,0,COMPLETA
2026-08-22,446,728,70,386,3,0,0,0,COMPLETA
2026-08-22,447,728,70,387,3,0,0,0,COMPLETA
2026-08-22,448,728,71,388,5,9,3,-6,DEFICIT
2026-08-22,449,728,71,388,4,3,3,0,COMPLETA
2026-08-22,450,728,71,388,3,0,0,0,COMPLETA
2026-08-22,451,728,71,389,3,0,0,0,COMPLETA
2026-08-22,452,728,71,390,5,16,4,-12,DEFICIT
2026-08-22,453,728,71,390,4,2,0,-2,DEFICIT
2026-08-22,454,729,72,391,3,0,0,0,COMPLETA
2026-08-22,455,729,72,392,3,0,0,0,COMPLETA
2026-08-22,456,729,72,393,3,0,0,0,COMPLETA
2026-08-22,457,729,72,394,1,4,2,-2,DEFICIT
2026-08-22,458,729,72,395,3,1,1,0,COMPLETA
2026-08-22,459,729,72,396,1,1,0,-1,DEFICIT
2026-08-22,460,729,72,396,2,2,2,0,COMPLETA
2026-08-22,461,729,73,397,3,0,0,0,COMPLETA
2026-08-22,462,729,73,398,1,1,1,0,COMPLETA
2026-08-22,463,729,73,399,3,0,0,0,COMPLETA
2026-08-22,464,729,73,400,3,0,0,0,COMPLETA
2026-08-22,465,729,73,401,1,4,2,-2,DEFICIT
2026-08-22,466,729,73,402,3,0,0,0,COMPLETA
2026-08-22,467,729,73,403,3,0,0,0,COMPLETA
2026-08-22,468,729,73,404,3,0,0,0,COMPLETA
2026-08-22,469,729,74,405,3,0,0,0,COMPLETA
2026-08-22,470,729,74,406,3,1,1,0,COMPLETA
2026-08-22,471,729,74,407,3,0,0,0,COMPLETA
2026-08-22,472,729,74,407,2,4,2,-2,DEFICIT
2026-08-22,473,729,74,408,3,0,0,0,COMPLETA
2026-08-22,474,729,75,409,3,0,0,0,COMPLETA
2026-08-22,475,729,75,410,1,9,3,-6,DEFICIT
2026-08-22,476,729,75,411,3,1,1,0,COMPLETA
2026-08-22,477,729,76,412,3,16,4,-12,DEFICIT
2026-08-22,478,729,77,413,3,4,2,-2,DEFICIT
2026-08-22,479,729,77,414,3,9,3,-6,DEFICIT
2026-08-22,480,729,78,415,3,1,1,0,COMPLETA
2026-08-22,481,729,79,416,3,1,1,0,COMPLETA
2026-08-22,482,729,79,417,3,16,4,-12,DEFICIT
2026-08-22,483,729,80,418,3,1,1,0,COMPLETA
2026-08-22,484,729,81,419,3,4,4,0,COMPLETA
2026-08-22,485,729,82,420,3,1,1,0,COMPLETA
2026-08-22,486,729,82,421,3,0,0,0,COMPLETA
2026-08-22,487,729,82,422,3,9,3,-6,DEFICIT
2026-08-22,488,728,83,423,1,1,1,0,COMPLETA
2026-08-22,489,728,83,424,1,1,1,0,COMPLETA
2026-08-22,490,728,83,425,1,1,1,0,COMPLETA
2026-08-22,491,728,83,426,3,0,0,0,COMPLETA
2026-08-22,492,728,83,427,3,0,0,0,COMPLETA
2026-08-22,493,728,83,428,1,1,1,0,COMPLETA
2026-08-22,494,728,83,429,3,0,0,0,COMPLETA
2026-08-22,495,728,83,430,3,0,0,0,COMPLETA
2026-08-22,496,728,83,431,3,0,0,0,COMPLETA
2026-08-22,497,734,84,432,3,0,0,0,COMPLETA
2026-08-22,498,734,84,433,1,1,1,0,COMPLETA
2026-08-22,499,734,84,434,3,0,0,0,COMPLETA
2026-08-22,500,734,84,434,2,9,3,-6,DEFICIT
2026-08-22,501,734,84,435,3,0,0,0,COMPLETA
2026-08-22,502,734,84,436,3,0,0,0,COMPLETA
2026-08-22,503,734,84,437,3,0,0,0,COMPLETA
2026-08-22,504,734,84,438,3,0,0,0,COMPLETA
2026-08-22,505,734,84,439,3,0,0,0,COMPLETA
2026-08-22,506,734,84,440,3,0,0,0,COMPLETA
2026-08-22,507,734,84,441,3,0,0,0,COMPLETA
2026-08-22,508,734,85,442,3,9,3,-6,DEFICIT
2026-08-22,509,734,85,443,1,25,5,-20,DEFICIT
2026-08-22,510,734,85,444,1,9,3,-6,DEFICIT
2026-08-22,511,728,86,445,1,1,1,0,COMPLETA
2026-08-22,512,728,86,445,2,4,2,-2,DEFICIT
2026-08-22,513,728,86,446,3,0,0,0,COMPLETA
2026-08-22,514,728,86,447,3,0,0,0,COMPLETA
2026-08-22,515,728,86,448,3,0,0,0,COMPLETA
2026-08-22,516,728,86,449,3,0,0,0,COMPLETA
2026-08-22,517,728,86,450,3,0,0,0,COMPLETA
2026-08-22,518,728,86,451,3,0,0,0,COMPLETA
2026-08-22,519,728,86,452,3,0,0,0,COMPLETA
2026-08-22,520,728,86,453,3,0,0,0,COMPLETA
2026-08-22,521,728,86,454,3,0,0,0,COMPLETA
2026-08-22,522,728,86,455,3,0,0,0,COMPLETA
2026-08-22,523,728,86,456,3,0,0,0,COMPLETA
2026-08-22,524,728,86,457,3,0,0,0,COMPLETA
2026-08-22,525,728,86,458,3,0,0,0,COMPLETA
2026-08-22,526,728,86,459,3,0,0,0,COMPLETA
2026-08-22,527,762,87,460,1,9,3,-6,DEFICIT
2026-08-22,528,762,88,461,3,1,1,0,COMPLETA
2026-08-22,529,762,88,461,1,25,5,-20,DEFICIT
2026-08-22,530,762,89,462,3,0,0,0,COMPLETA
2026-08-22,531,762,89,462,1,4,2,-2,DEFICIT
2026-08-22,532,762,89,463,3,16,4,-12,DEFICIT
2026-08-22,533,826,90,464,3,16,4,-12,DEFICIT
2026-08-22,534,826,90,464,2,4,2,-2,DEFICIT
2026-08-22,535,826,91,465,3,4,2,-2,DEFICIT
2026-08-22,536,826,92,466,3,9,3,-6,DEFICIT
2026-08-22,537,851,93,467,1,1,1,0,COMPLETA
2026-08-22,538,851,93,468,1,1,1,0,COMPLETA
2026-08-22,539,851,94,469,3,0,0,0,COMPLETA
2026-08-22,540,851,94,470,3,0,0,0,COMPLETA
2026-08-22,541,851,94,471,4,0,0,0,COMPLETA
2026-08-22,542,851,94,471,5,1,1,0,COMPLETA
2026-08-22,543,851,94,472,3,0,0,0,COMPLETA
2026-08-22,544,851,94,473,4,0,0,0,COMPLETA
2026-08-22,545,851,94,473,5,4,2,-2,DEFICIT
2026-08-22,546,851,94,473,2,16,4,-12,DEFICIT
2026-08-22,547,851,95,474,3,1,1,0,COMPLETA
2026-08-22,548,851,95,475,1,16,4,-12,DEFICIT
2026-08-22,549,851,95,476,1,9,3,-6,DEFICIT
2026-08-22,550,857,96,477,3,0,0,0,COMPLETA
2026-08-22,551,857,96,478,3,0,0,0,COMPLETA
2026-08-22,552,857,96,479,3,1,1,0,COMPLETA
2026-08-22,553,857,96,479,2,4,2,-2,DEFICIT
2026-08-22,554,857,96,480,3,0,0,0,COMPLETA
2026-08-22,555,857,96,481,3,0,0,0,COMPLETA
2026-08-22,556,861,97,482,3,0,0,0,COMPLETA
2026-08-22,557,861,97,482,2,4,2,-2,DEFICIT
2026-08-22,558,861,97,483,3,0,0,0,COMPLETA
2026-08-22,559,861,98,484,3,16,4,-12,DEFICIT
2026-08-22,560,867,99,485,3,0,0,0,COMPLETA
2026-08-22,561,867,99,486,2,6,2,-4,DEFICIT
2026-08-22,562,867,99,487,2,1,1,0,COMPLETA
2026-08-22,563,867,100,488,3,1,1,0,COMPLETA
2026-08-22,564,867,100,489,3,1,1,0,COMPLETA
2026-08-22,565,867,100,490,3,1,1,0,COMPLETA
2026-08-22,566,867,100,491,3,4,2,-2,DEFICIT
2026-08-22,567,867,100,492,3,1,1,0,COMPLETA
2026-08-22,568,867,100,493,3,9,3,-6,DEFICIT
2026-08-22,569,867,101,494,3,0,0,0,COMPLETA
2026-08-22,570,867,101,495,3,0,0,0,COMPLETA
2026-08-22,571,867,101,496,3,0,0,0,COMPLETA
2026-08-22,572,867,101,497,3,0,0,0,COMPLETA
2026-08-22,573,867,101,498,3,0,0,0,COMPLETA
2026-08-22,574,867,101,499,4,1,1,0,COMPLETA
2026-08-22,575,867,101,499,5,4,2,-2,DEFICIT
2026-08-22,576,867,101,499,2,70,10,-60,DEFICIT
2026-08-22,577,867,102,500,3,1,1,0,COMPLETA
2026-08-22,578,867,102,501,3,1,1,0,COMPLETA
2026-08-22,579,867,102,502,3,9,3,-6,DEFICIT
2026-08-22,580,867,102,503,3,1,1,0,COMPLETA
2026-08-22,581,1054,103,504,1,4,2,-2,DEFICIT
2026-08-22,582,1054,103,505,1,1,1,0,COMPLETA
2026-08-22,583,1054,103,506,3,0,0,0,COMPLETA
2026-08-22,584,1054,103,507,1,1,1,0,COMPLETA
2026-08-22,585,1054,103,508,3,0,0,0,COMPLETA
2026-08-22,586,1054,103,509,3,0,0,0,COMPLETA
2026-08-22,587,1054,103,510,3,0,0,0,COMPLETA
2026-08-22,588,1054,103,511,1,1,1,0,COMPLETA
2026-08-22,589,1054,103,512,1,1,1,0,COMPLETA
2026-08-22,590,1054,103,513,3,0,0,0,COMPLETA
2026-08-22,591,1054,103,514,1,1,1,0,COMPLETA
2026-08-22,592,1054,103,515,1,1,1,0,COMPLETA
2026-08-22,593,1054,103,516,3,0,0,0,COMPLETA
2026-08-22,594,1054,104,517,3,0,0,0,COMPLETA
2026-08-22,595,1054,104,518,3,0,0,0,COMPLETA
2026-08-22,596,1054,104,519,3,0,0,0,COMPLETA
2026-08-22,597,1054,104,520,1,1,1,0,COMPLETA
2026-08-22,598,1054,104,521,3,0,0,0,COMPLETA
2026-08-22,599,1054,104,522,3,0,0,0,COMPLETA
2026-08-22,600,1054,104,523,3,0,0,0,COMPLETA
2026-08-22,601,1054,104,524,2,4,2,-2,DEFICIT
2026-08-22,602,1054,104,525,3,0,0,0,COMPLETA
2026-08-22,603,1054,104,526,3,0,0,0,COMPLETA
2026-08-22,604,1054,104,527,3,0,0,0,COMPLETA
2026-08-22,605,1054,104,528,3,0,0,0,COMPLETA
2026-08-22,606,1054,104,529,1,1,1,0,COMPLETA
2026-08-22,607,1054,104,530,1,1,1,0,COMPLETA
2026-08-22,608,1054,104,531,3,0,0,0,COMPLETA
2026-08-22,609,1054,104,532,3,0,0,0,COMPLETA
2026-08-22,610,1054,104,533,3,0,0,0,COMPLETA
2026-08-22,611,1054,104,534,3,0,0,0,COMPLETA
2026-08-22,612,1054,104,535,3,0,0,0,COMPLETA
2026-08-22,613,1054,104,536,3,0,0,0,COMPLETA
2026-08-22,614,1054,104,537,3,9,3,-6,DEFICIT
2026-08-22,615,1054,104,537,2,16,4,-12,DEFICIT
2026-08-22,616,1054,104,538,3,0,0,0,COMPLETA
2026-08-22,617,1054,104,539,3,0,0,0,COMPLETA
2026-08-22,618,1054,104,540,3,0,0,0,COMPLETA
2026-08-22,619,1054,104,541,3,0,0,0,COMPLETA
2026-08-22,620,1054,105,542,3,1,1,0,COMPLETA
2026-08-22,621,1054,105,543,3,1,1,0,COMPLETA
2026-08-22,622,1054,105,543,2,9,3,-6,DEFICIT
2026-08-22,623,1054,105,544,3,0,0,0,COMPLETA
2026-08-22,624,1054,105,545,3,0,0,0,COMPLETA
2026-08-22,625,1054,105,546,1,1,1,0,COMPLETA
2026-08-22,626,1054,105,547,3,0,0,0,COMPLETA
2026-08-22,627,1054,105,548,3,0,0,0,COMPLETA
2026-08-22,628,1054,105,549,1,1,1,0,COMPLETA
2026-08-22,629,1054,105,550,3,0,0,0,COMPLETA
2026-08-22,630,1054,105,551,3,0,0,0,COMPLETA
2026-08-22,631,1054,105,552,3,0,0,0,COMPLETA
2026-08-22,632,1054,105,553,3,0,0,0,COMPLETA
2026-08-22,633,1101,106,554,3,0,0,0,COMPLETA
2026-08-22,634,1101,106,555,3,0,0,0,COMPLETA
2026-08-22,635,1101,106,556,3,0,0,0,COMPLETA
2026-08-22,636,1101,106,557,3,0,0,0,COMPLETA
2026-08-22,637,1101,106,558,3,0,0,0,COMPLETA
2026-08-22,638,1101,106,559,3,0,0,0,COMPLETA
2026-08-22,639,1101,106,560,3,0,0,0,COMPLETA
2026-08-22,640,1101,106,561,3,0,0,0,COMPLETA
2026-08-22,641,1101,106,562,3,0,0,0,COMPLETA
2026-08-22,642,1101,106,563,5,9,3,-6,DEFICIT
2026-08-22,643,1101,106,563,4,1,1,0,COMPLETA
2026-08-22,644,1101,106,564,3,0,0,0,COMPLETA
2026-08-22,645,1101,107,565,3,4,2,-2,DEFICIT
2026-08-22,646,1101,107,566,3,1,1,0,COMPLETA
2026-08-22,647,1101,107,567,3,9,3,-6,DEFICIT
2026-08-22,648,1101,107,568,1,9,3,-6,DEFICIT
2026-08-22,649,1101,108,569,1,4,2,-2,DEFICIT
2026-08-22,650,1101,108,570,3,0,0,0,COMPLETA
2026-08-22,651,1101,108,571,3,0,0,0,COMPLETA
2026-08-22,652,1101,108,572,3,0,0,0,COMPLETA
2026-08-22,653,1101,108,573,1,4,2,-2,DEFICIT
2026-08-22,654,1101,108,573,2,9,3,-6,DEFICIT
2026-08-22,655,1101,109,574,3,0,0,0,COMPLETA
2026-08-22,656,1101,109,575,3,0,0,0,COMPLETA
2026-08-22,657,1101,109,576,1,1,1,0,COMPLETA
2026-08-22,658,1101,109,577,3,0,0,0,COMPLETA
2026-08-22,659,1101,109,578,1,1,1,0,COMPLETA
2026-08-22,660,1101,109,579,1,9,3,-6,DEFICIT
2026-08-22,661,1101,109,579,2,9,3,-6,DEFICIT
2026-08-22,662,1101,109,580,3,0,0,0,COMPLETA
2026-08-22,663,1101,109,581,3,0,0,0,COMPLETA
2026-08-22,664,1101,110,582,3,0,0,0,COMPLETA
2026-08-22,665,1101,110,583,3,0,0,0,COMPLETA
2026-08-22,666,1101,110,584,3,0,0,0,COMPLETA
2026-08-22,667,1101,110,585,3,0,0,0,COMPLETA
2026-08-22,668,1101,110,586,3,0,0,0,COMPLETA
2026-08-22,669,1101,110,587,3,0,0,0,COMPLETA
2026-08-22,670,1101,110,588,3,0,0,0,COMPLETA
2026-08-22,671,1101,110,589,3,0,0,0,COMPLETA
2026-08-22,672,1101,110,590,3,0,0,0,COMPLETA
2026-08-22,673,1101,110,591,3,0,0,0,COMPLETA
2026-08-22,674,1101,110,592,1,9,3,-6,DEFICIT
2026-08-22,675,1101,110,593,1,1,1,0,COMPLETA
2026-08-22,676,1101,110,594,3,0,0,0,COMPLETA
2026-08-22,677,1101,111,595,3,0,0,0,COMPLETA
2026-08-22,678,1101,111,596,1,4,2,-2,DEFICIT
2026-08-22,679,1101,111,597,3,0,0,0,COMPLETA
2026-08-22,680,1101,111,598,3,0,0,0,COMPLETA
2026-08-22,681,1101,111,599,3,0,0,0,COMPLETA
2026-08-22,682,1101,111,600,3,0,0,0,COMPLETA
2026-08-22,683,1101,111,601,3,0,0,0,COMPLETA
2026-08-22,684,1101,111,602,3,0,0,0,COMPLETA
2026-08-22,685,1101,111,603,3,0,0,0,COMPLETA
2026-08-22,686,1101,111,604,3,0,0,0,COMPLETA
2026-08-22,687,1101,111,605,3,0,0,0,COMPLETA
