fila_xlsx,persona_id,vinculacion_id,contrato_id,empresa_id,contrato_cargo_id,tipo_vinculacion_id,fecha_inicio,fecha_fin,estado_vinculacion,cobertura_asignacion_id,focalizacion_final_id,asignacion_laboral_id,ubicacion_laboral_id,presentacion_licitacion_id,perfil_licitacion_id,condicion_economica_id,valor,condicion_vigencia_desde,condicion_vigencia_hasta,tipo_documento_id,tipo_documento_codigo
2,4,250,24,15,33,2,Wed Jul 29 2026 00:00:00 GMT-0500 (hora estándar de Colombia),,ACTIVA,12,173,,,7,1,,,,,1,CEDULA
3,5,251,24,15,33,2,Wed Jul 29 2026 00:00:00 GMT-0500 (hora estándar de Colombia),,ACTIVA,13,172,,,,,,,,,1,CEDULA
4,42,791,24,15,33,2,Wed Jul 29 2026 00:00:00 GMT-0500 (hora estándar de Colombia),,ACTIVA,549,168,,,,,,,,,1,CEDULA
5,6,792,24,15,33,2,Wed Jul 29 2026 00:00:00 GMT-0500 (hora estándar de Colombia),,ACTIVA,550,172,,,,,,,,,1,CEDULA
6,7,793,24,15,33,2,Wed Jul 29 2026 00:00:00 GMT-0500 (hora estándar de Colombia),,ACTIVA,551,19,,,,,,,,,1,CEDULA
7,8,794,24,15,33,2,Wed Jul 29 2026 00:00:00 GMT-0500 (hora estándar de Colombia),,ACTIVA,552,187,,,,,,,,,1,CEDULA
8,237,249,24,15,33,2,Wed Jul 29 2026 00:00:00 GMT-0500 (hora estándar de Colombia),,ACTIVA,11,182,,,,,,,,,1,CEDULA
9,654,795,24,15,33,2,Wed Jul 29 2026 00:00:00 GMT-0500 (hora estándar de Colombia),,ACTIVA,553,19,,,,,,,,,1,CEDULA
10,655,796,24,15,33,2,Wed Jul 29 2026 00:00:00 GMT-0500 (hora estándar de Colombia),,ACTIVA,554,186,,,,,,,,,1,CEDULA
11,9,797,24,15,33,2,Wed Jul 29 2026 00:00:00 GMT-0500 (hora estándar de Colombia),,ACTIVA,555,169,,,,,,,,,1,CEDULA
12,10,252,24,15,33,2,Wed Jul 29 2026 00:00:00 GMT-0500 (hora estándar de Colombia),,ACTIVA,14,169,,,8,1,,,,,1,CEDULA
13,11,798,24,15,33,2,Wed Jul 29 2026 00:00:00 GMT-0500 (hora estándar de Colombia),,ACTIVA,556,170,,,,,,,,,1,CEDULA
14,43,799,24,15,33,2,Wed Jul 29 2026 00:00:00 GMT-0500 (hora estándar de Colombia),,ACTIVA,557,175,,,,,,,,,1,CEDULA
15,13,800,24,15,33,2,Wed Jul 29 2026 00:00:00 GMT-0500 (hora estándar de Colombia),,ACTIVA,558,166,,,,,,,,,1,CEDULA
16,44,801,24,15,33,2,Wed Jul 29 2026 00:00:00 GMT-0500 (hora estándar de Colombia),,ACTIVA,559,185,,,,,,,,,1,CEDULA
17,45,802,24,15,33,2,Wed Jul 29 2026 00:00:00 GMT-0500 (hora estándar de Colombia),,ACTIVA,560,174,,,122,1,,,,,1,CEDULA
18,14,803,24,15,33,1,Wed Jul 29 2026 00:00:00 GMT-0500 (hora estándar de Colombia),Mon Nov 30 2026 00:00:00 GMT-0500 (hora estándar de Colombia),ACTIVA,561,166,,,,,,,,,1,CEDULA
19,15,804,24,15,33,2,Wed Jul 29 2026 00:00:00 GMT-0500 (hora estándar de Colombia),,ACTIVA,562,182,,,,,,,,,1,CEDULA
20,47,254,24,15,33,2,Wed Jul 29 2026 00:00:00 GMT-0500 (hora estándar de Colombia),,ACTIVA,15,186,,,,,3,1042205.00,Wed Jul 29 2026 00:00:00 GMT-0500 (hora estándar de Colombia),,1,CEDULA
21,18,805,24,15,33,2,Wed Jul 29 2026 00:00:00 GMT-0500 (hora estándar de Colombia),,ACTIVA,563,170,,,,,,,,,1,CEDULA
22,19,806,24,15,33,2,Wed Jul 29 2026 00:00:00 GMT-0500 (hora estándar de Colombia),,ACTIVA,564,166,,,123,1,,,,,1,CEDULA
23,48,807,24,15,33,2,Wed Jul 29 2026 00:00:00 GMT-0500 (hora estándar de Colombia),,ACTIVA,565,186,,,,,,,,,1,CEDULA
24,49,808,24,15,33,2,Wed Jul 29 2026 00:00:00 GMT-0500 (hora estándar de Colombia),,ACTIVA,566,175,,,,,,,,,1,CEDULA
25,23,809,24,15,33,2,Wed Jul 29 2026 00:00:00 GMT-0500 (hora estándar de Colombia),,ACTIVA,567,182,,,,,,,,,1,CEDULA
26,50,810,24,15,33,2,Wed Jul 29 2026 00:00:00 GMT-0500 (hora estándar de Colombia),,ACTIVA,568,167,,,,,,,,,1,CEDULA
27,51,811,24,15,33,2,Wed Jul 29 2026 00:00:00 GMT-0500 (hora estándar de Colombia),,ACTIVA,569,167,,,,,,,,,1,CEDULA
28,24,812,24,15,33,2,Wed Jul 29 2026 00:00:00 GMT-0500 (hora estándar de Colombia),,ACTIVA,570,169,,,,,,,,,1,CEDULA
29,25,813,24,15,33,2,Wed Jul 29 2026 00:00:00 GMT-0500 (hora estándar de Colombia),,ACTIVA,571,188,,,,,,,,,1,CEDULA
30,656,814,24,15,33,2,Wed Jul 29 2026 00:00:00 GMT-0500 (hora estándar de Colombia),,ACTIVA,572,185,,,,,,,,,1,CEDULA
31,26,815,24,15,33,2,Wed Jul 29 2026 00:00:00 GMT-0500 (hora estándar de Colombia),,ACTIVA,573,177,,,124,1,,,,,1,CEDULA
32,27,816,24,15,33,2,Wed Jul 29 2026 00:00:00 GMT-0500 (hora estándar de Colombia),,ACTIVA,574,165,,,,,,,,,1,CEDULA
33,28,817,24,15,33,2,Wed Jul 29 2026 00:00:00 GMT-0500 (hora estándar de Colombia),,ACTIVA,575,187,,,125,1,,,,,1,CEDULA
34,29,818,24,15,33,2,Wed Jul 29 2026 00:00:00 GMT-0500 (hora estándar de Colombia),,ACTIVA,576,173,,,,,,,,,1,CEDULA
35,30,819,24,15,33,2,Wed Jul 29 2026 00:00:00 GMT-0500 (hora estándar de Colombia),,ACTIVA,577,183,,,,,,,,,1,CEDULA
36,31,820,24,15,33,2,Wed Jul 29 2026 00:00:00 GMT-0500 (hora estándar de Colombia),,ACTIVA,578,171,,,126,1,,,,,1,CEDULA
37,52,821,24,15,33,2,Wed Jul 29 2026 00:00:00 GMT-0500 (hora estándar de Colombia),,ACTIVA,579,167,,,127,1,,,,,1,CEDULA
38,53,822,24,15,33,2,Wed Jul 29 2026 00:00:00 GMT-0500 (hora estándar de Colombia),,ACTIVA,580,174,,,,,,,,,1,CEDULA
39,32,823,24,15,33,2,Wed Jul 29 2026 00:00:00 GMT-0500 (hora estándar de Colombia),,ACTIVA,581,183,,,,,,,,,1,CEDULA
40,33,824,24,15,33,2,Wed Jul 29 2026 00:00:00 GMT-0500 (hora estándar de Colombia),,ACTIVA,582,178,,,,,,,,,1,CEDULA
41,54,825,24,15,33,2,Wed Jul 29 2026 00:00:00 GMT-0500 (hora estándar de Colombia),,ACTIVA,583,175,,,128,1,,,,,1,CEDULA
42,34,826,24,15,33,2,Wed Jul 29 2026 00:00:00 GMT-0500 (hora estándar de Colombia),,ACTIVA,584,187,,,,,,,,,1,CEDULA
43,55,827,24,15,33,2,Wed Jul 29 2026 00:00:00 GMT-0500 (hora estándar de Colombia),,ACTIVA,585,186,,,,,,,,,1,CEDULA
44,35,828,24,15,33,2,Wed Jul 29 2026 00:00:00 GMT-0500 (hora estándar de Colombia),,ACTIVA,586,187,,,129,1,,,,,1,CEDULA
45,36,829,24,15,33,2,Wed Jul 29 2026 00:00:00 GMT-0500 (hora estándar de Colombia),,ACTIVA,587,172,,,130,1,,,,,1,CEDULA
46,37,830,24,15,33,2,Wed Jul 29 2026 00:00:00 GMT-0500 (hora estándar de Colombia),,ACTIVA,588,169,,,,,,,,,1,CEDULA
47,56,831,24,15,33,2,Wed Jul 29 2026 00:00:00 GMT-0500 (hora estándar de Colombia),,ACTIVA,589,174,,,131,1,,,,,1,CEDULA
48,38,832,24,15,33,2,Wed Jul 29 2026 00:00:00 GMT-0500 (hora estándar de Colombia),,ACTIVA,590,188,,,,,,,,,1,CEDULA
49,39,833,24,15,33,2,Wed Jul 29 2026 00:00:00 GMT-0500 (hora estándar de Colombia),,ACTIVA,591,184,,,,,,,,,1,CEDULA
50,58,834,24,15,33,2,Wed Jul 29 2026 00:00:00 GMT-0500 (hora estándar de Colombia),,ACTIVA,592,167,,,,,,,,,1,CEDULA
51,40,835,24,15,33,2,Wed Jul 29 2026 00:00:00 GMT-0500 (hora estándar de Colombia),,ACTIVA,593,166,,,,,,,,,1,CEDULA
52,657,836,24,15,33,2,Wed Jul 29 2026 00:00:00 GMT-0500 (hora estándar de Colombia),,ACTIVA,594,189,,,,,,,,,1,CEDULA
53,658,837,24,15,33,2,Wed Jul 29 2026 00:00:00 GMT-0500 (hora estándar de Colombia),,ACTIVA,595,192,,,,,,,,,1,CEDULA
54,659,838,24,15,33,2,Wed Jul 29 2026 00:00:00 GMT-0500 (hora estándar de Colombia),,ACTIVA,596,191,,,,,,,,,1,CEDULA
55,660,839,24,15,33,2,Wed Jul 29 2026 00:00:00 GMT-0500 (hora estándar de Colombia),,ACTIVA,597,190,,,,,,,,,1,CEDULA
56,661,840,24,15,33,2,Wed Jul 29 2026 00:00:00 GMT-0500 (hora estándar de Colombia),,ACTIVA,598,191,,,,,,,,,1,CEDULA
57,662,841,24,15,33,2,Wed Jul 29 2026 00:00:00 GMT-0500 (hora estándar de Colombia),,ACTIVA,599,189,,,,,,,,,1,CEDULA
58,663,842,24,15,33,2,Wed Jul 29 2026 00:00:00 GMT-0500 (hora estándar de Colombia),,ACTIVA,600,189,,,,,,,,,1,CEDULA
59,664,843,24,15,33,2,Wed Jul 29 2026 00:00:00 GMT-0500 (hora estándar de Colombia),,ACTIVA,601,190,,,,,,,,,1,CEDULA
60,665,844,24,15,33,2,Wed Jul 29 2026 00:00:00 GMT-0500 (hora estándar de Colombia),,ACTIVA,602,190,,,,,,,,,1,CEDULA
61,666,845,24,15,33,2,Wed Jul 29 2026 00:00:00 GMT-0500 (hora estándar de Colombia),,ACTIVA,603,190,,,,,,,,,1,CEDULA
62,667,846,24,15,33,2,Wed Jul 29 2026 00:00:00 GMT-0500 (hora estándar de Colombia),,ACTIVA,604,192,,,,,,,,,1,CEDULA
63,668,847,24,15,33,2,Wed Jul 29 2026 00:00:00 GMT-0500 (hora estándar de Colombia),,ACTIVA,605,192,,,,,,,,,1,CEDULA
64,669,848,24,15,33,2,Wed Jul 29 2026 00:00:00 GMT-0500 (hora estándar de Colombia),,ACTIVA,606,190,,,,,,,,,1,CEDULA
65,670,849,24,15,33,2,Wed Jul 29 2026 00:00:00 GMT-0500 (hora estándar de Colombia),,ACTIVA,607,191,,,,,,,,,1,CEDULA
66,671,850,24,15,33,2,Wed Jul 29 2026 00:00:00 GMT-0500 (hora estándar de Colombia),,ACTIVA,608,200,,,,,,,,,1,CEDULA
67,672,851,24,15,33,2,Wed Jul 29 2026 00:00:00 GMT-0500 (hora estándar de Colombia),,ACTIVA,609,201,,,,,,,,,1,CEDULA
68,673,852,24,15,33,2,Wed Jul 29 2026 00:00:00 GMT-0500 (hora estándar de Colombia),,ACTIVA,610,197,,,,,,,,,1,CEDULA
69,674,853,24,15,33,2,Wed Jul 29 2026 00:00:00 GMT-0500 (hora estándar de Colombia),,ACTIVA,611,200,,,,,,,,,1,CEDULA
70,675,854,24,15,33,2,Wed Jul 29 2026 00:00:00 GMT-0500 (hora estándar de Colombia),,ACTIVA,612,200,,,,,,,,,1,CEDULA
71,676,855,24,15,33,2,Wed Jul 29 2026 00:00:00 GMT-0500 (hora estándar de Colombia),,ACTIVA,613,201,,,,,,,,,1,CEDULA
72,677,856,24,15,33,2,Wed Jul 29 2026 00:00:00 GMT-0500 (hora estándar de Colombia),,ACTIVA,614,201,,,,,,,,,1,CEDULA
73,678,857,24,15,33,2,Wed Jul 29 2026 00:00:00 GMT-0500 (hora estándar de Colombia),,ACTIVA,615,200,,,,,,,,,1,CEDULA
74,679,858,24,15,33,1,Wed Jul 29 2026 00:00:00 GMT-0500 (hora estándar de Colombia),,ACTIVA,616,194,,,,,,,,,1,CEDULA
75,680,859,24,15,33,2,Fri Aug 14 2026 00:00:00 GMT-0500 (hora estándar de Colombia),,ACTIVA,617,194,,,,,,,,,1,CEDULA
76,681,860,24,15,33,1,Wed Jul 29 2026 00:00:00 GMT-0500 (hora estándar de Colombia),Mon Nov 30 2026 00:00:00 GMT-0500 (hora estándar de Colombia),ACTIVA,618,213,,,,,,,,,1,CEDULA
77,682,861,24,15,33,2,Wed Jul 29 2026 00:00:00 GMT-0500 (hora estándar de Colombia),,ACTIVA,619,212,,,,,,,,,1,CEDULA
78,683,862,24,15,33,2,Wed Jul 29 2026 00:00:00 GMT-0500 (hora estándar de Colombia),,ACTIVA,620,212,,,,,,,,,1,CEDULA
79,684,863,24,15,33,2,Wed Jul 29 2026 00:00:00 GMT-0500 (hora estándar de Colombia),,ACTIVA,621,212,,,,,,,,,1,CEDULA
80,685,864,24,15,33,2,Wed Jul 29 2026 00:00:00 GMT-0500 (hora estándar de Colombia),,ACTIVA,622,213,,,,,,,,,1,CEDULA
81,686,865,24,15,33,2,Wed Jul 29 2026 00:00:00 GMT-0500 (hora estándar de Colombia),,ACTIVA,623,212,,,,,,,,,1,CEDULA
82,687,866,24,15,33,2,Sat Aug 01 2026 00:00:00 GMT-0500 (hora estándar de Colombia),,ACTIVA,624,209,,,,,,,,,1,CEDULA
83,688,867,24,15,33,2,Wed Jul 29 2026 00:00:00 GMT-0500 (hora estándar de Colombia),,ACTIVA,625,213,,,,,,,,,1,CEDULA
84,689,868,24,15,33,2,Wed Jul 29 2026 00:00:00 GMT-0500 (hora estándar de Colombia),,ACTIVA,626,213,,,,,,,,,1,CEDULA
85,690,869,24,15,33,2,Wed Jul 29 2026 00:00:00 GMT-0500 (hora estándar de Colombia),,ACTIVA,627,219,,,,,,,,,1,CEDULA
86,691,870,24,15,33,2,Wed Jul 29 2026 00:00:00 GMT-0500 (hora estándar de Colombia),,ACTIVA,628,224,,,,,,,,,1,CEDULA
87,692,871,24,15,33,2,Wed Jul 29 2026 00:00:00 GMT-0500 (hora estándar de Colombia),,ACTIVA,629,216,,,,,,,,,1,CEDULA
88,693,872,24,15,33,2,Wed Jul 29 2026 00:00:00 GMT-0500 (hora estándar de Colombia),,ACTIVA,630,224,,,,,,,,,1,CEDULA
89,694,873,24,15,33,2,Wed Jul 29 2026 00:00:00 GMT-0500 (hora estándar de Colombia),,ACTIVA,631,219,,,,,,,,,1,CEDULA
90,695,874,24,15,33,2,Wed Jul 29 2026 00:00:00 GMT-0500 (hora estándar de Colombia),,ACTIVA,632,219,,,,,,,,,1,CEDULA
91,696,875,24,15,33,2,Wed Jul 29 2026 00:00:00 GMT-0500 (hora estándar de Colombia),,ACTIVA,633,229,,,,,,,,,1,CEDULA
92,697,876,24,15,33,2,Wed Jul 29 2026 00:00:00 GMT-0500 (hora estándar de Colombia),,ACTIVA,634,215,,,,,,,,,1,CEDULA
93,698,877,24,15,33,2,Wed Jul 29 2026 00:00:00 GMT-0500 (hora estándar de Colombia),,ACTIVA,635,214,,,,,,,,,1,CEDULA
94,699,878,24,15,33,2,Wed Jul 29 2026 00:00:00 GMT-0500 (hora estándar de Colombia),,ACTIVA,636,215,,,,,,,,,1,CEDULA
95,700,879,24,15,33,2,Wed Jul 29 2026 00:00:00 GMT-0500 (hora estándar de Colombia),,ACTIVA,637,228,,,,,,,,,1,CEDULA
96,701,880,24,15,33,2,Wed Jul 29 2026 00:00:00 GMT-0500 (hora estándar de Colombia),,ACTIVA,638,219,,,,,,,,,1,CEDULA
97,702,881,24,15,33,2,Wed Jul 29 2026 00:00:00 GMT-0500 (hora estándar de Colombia),,ACTIVA,639,226,,,,,,,,,1,CEDULA
98,703,882,24,15,33,2,Wed Aug 05 2026 00:00:00 GMT-0500 (hora estándar de Colombia),,ACTIVA,640,228,,,,,,,,,1,CEDULA
99,704,883,24,15,33,2,Wed Jul 29 2026 00:00:00 GMT-0500 (hora estándar de Colombia),,ACTIVA,641,218,,,,,,,,,1,CEDULA
100,705,884,24,15,33,2,Wed Jul 29 2026 00:00:00 GMT-0500 (hora estándar de Colombia),,ACTIVA,642,229,,,,,,,,,1,CEDULA
101,706,885,24,15,33,2,Wed Jul 29 2026 00:00:00 GMT-0500 (hora estándar de Colombia),,ACTIVA,643,216,,,,,,,,,1,CEDULA
102,707,886,24,15,33,2,Wed Jul 29 2026 00:00:00 GMT-0500 (hora estándar de Colombia),,ACTIVA,644,217,,,,,,,,,1,CEDULA
103,708,887,24,15,33,2,Wed Jul 29 2026 00:00:00 GMT-0500 (hora estándar de Colombia),,ACTIVA,645,224,,,,,,,,,1,CEDULA
104,709,888,24,15,33,2,Wed Jul 29 2026 00:00:00 GMT-0500 (hora estándar de Colombia),,ACTIVA,646,224,,,,,,,,,1,CEDULA
105,710,889,24,15,33,2,Wed Jul 29 2026 00:00:00 GMT-0500 (hora estándar de Colombia),,ACTIVA,647,221,,,,,,,,,1,CEDULA
106,711,890,24,15,33,2,Wed Jul 29 2026 00:00:00 GMT-0500 (hora estándar de Colombia),,ACTIVA,648,229,,,,,,,,,1,CEDULA
107,712,891,24,15,33,2,Wed Jul 29 2026 00:00:00 GMT-0500 (hora estándar de Colombia),,ACTIVA,649,229,,,,,,,,,1,CEDULA
108,713,892,24,15,33,2,Wed Jul 29 2026 00:00:00 GMT-0500 (hora estándar de Colombia),,ACTIVA,650,221,,,,,,,,,1,CEDULA
109,714,893,24,15,33,2,Wed Jul 29 2026 00:00:00 GMT-0500 (hora estándar de Colombia),,ACTIVA,651,215,,,,,,,,,1,CEDULA
110,715,894,24,15,33,2,Wed Jul 29 2026 00:00:00 GMT-0500 (hora estándar de Colombia),,ACTIVA,652,217,,,,,,,,,1,CEDULA
111,716,895,24,15,33,2,Wed Jul 29 2026 00:00:00 GMT-0500 (hora estándar de Colombia),,ACTIVA,653,218,,,,,,,,,1,CEDULA
112,717,896,24,15,33,2,Wed Jul 29 2026 00:00:00 GMT-0500 (hora estándar de Colombia),,ACTIVA,654,224,,,,,,,,,1,CEDULA
113,718,897,24,15,33,2,Wed Jul 29 2026 00:00:00 GMT-0500 (hora estándar de Colombia),,ACTIVA,655,217,,,,,,,,,1,CEDULA
114,719,898,24,15,33,2,Wed Jul 29 2026 00:00:00 GMT-0500 (hora estándar de Colombia),,ACTIVA,656,223,,,,,,,,,1,CEDULA
115,720,899,24,15,33,2,Wed Jul 29 2026 00:00:00 GMT-0500 (hora estándar de Colombia),,ACTIVA,657,214,,,,,,,,,1,CEDULA
116,721,900,24,15,33,2,Wed Jul 29 2026 00:00:00 GMT-0500 (hora estándar de Colombia),,ACTIVA,658,223,,,,,,,,,1,CEDULA
117,722,901,24,15,33,2,Wed Jul 29 2026 00:00:00 GMT-0500 (hora estándar de Colombia),,ACTIVA,659,235,,,,,,,,,1,CEDULA
118,723,902,24,15,33,2,Wed Jul 29 2026 00:00:00 GMT-0500 (hora estándar de Colombia),,ACTIVA,660,231,,,,,,,,,1,CEDULA
119,724,903,24,15,33,2,Wed Jul 29 2026 00:00:00 GMT-0500 (hora estándar de Colombia),,ACTIVA,661,231,,,,,,,,,1,CEDULA
120,725,904,24,15,33,2,Wed Jul 29 2026 00:00:00 GMT-0500 (hora estándar de Colombia),,ACTIVA,662,235,,,,,,,,,1,CEDULA
121,726,905,24,15,33,2,Wed Jul 29 2026 00:00:00 GMT-0500 (hora estándar de Colombia),,ACTIVA,663,231,,,,,,,,,1,CEDULA
122,727,906,24,15,33,2,Wed Jul 29 2026 00:00:00 GMT-0500 (hora estándar de Colombia),,ACTIVA,664,231,,,,,,,,,1,CEDULA
123,728,907,24,15,33,2,Wed Jul 29 2026 00:00:00 GMT-0500 (hora estándar de Colombia),,ACTIVA,665,235,,,,,,,,,1,CEDULA
124,729,908,24,15,33,2,Wed Jul 29 2026 00:00:00 GMT-0500 (hora estándar de Colombia),,ACTIVA,666,234,,,,,,,,,1,CEDULA
125,730,909,24,15,33,2,Wed Jul 29 2026 00:00:00 GMT-0500 (hora estándar de Colombia),,ACTIVA,667,235,,,,,,,,,1,CEDULA
126,59,910,24,15,33,2,Wed Jul 29 2026 00:00:00 GMT-0500 (hora estándar de Colombia),,ACTIVA,668,245,,,,,,,,,1,CEDULA
127,60,911,24,15,33,2,Wed Jul 29 2026 00:00:00 GMT-0500 (hora estándar de Colombia),,ACTIVA,669,243,,,,,,,,,1,CEDULA
128,61,912,24,15,33,2,Wed Jul 29 2026 00:00:00 GMT-0500 (hora estándar de Colombia),,ACTIVA,670,246,,,,,,,,,1,CEDULA
129,62,913,24,15,33,2,Wed Jul 29 2026 00:00:00 GMT-0500 (hora estándar de Colombia),,ACTIVA,671,244,,,,,,,,,1,CEDULA
130,63,914,24,15,33,2,Wed Jul 29 2026 00:00:00 GMT-0500 (hora estándar de Colombia),,ACTIVA,672,242,,,,,,,,,1,CEDULA
131,64,915,24,15,33,2,Wed Jul 29 2026 00:00:00 GMT-0500 (hora estándar de Colombia),,ACTIVA,673,246,,,,,,,,,1,CEDULA
132,65,916,24,15,33,2,Wed Jul 29 2026 00:00:00 GMT-0500 (hora estándar de Colombia),,ACTIVA,674,245,,,,,,,,,1,CEDULA
133,66,917,24,15,33,2,Wed Jul 29 2026 00:00:00 GMT-0500 (hora estándar de Colombia),,ACTIVA,675,245,,,,,,,,,1,CEDULA
134,68,918,24,15,33,2,Wed Jul 29 2026 00:00:00 GMT-0500 (hora estándar de Colombia),,ACTIVA,676,245,,,,,,,,,1,CEDULA
135,69,919,24,15,33,2,Wed Jul 29 2026 00:00:00 GMT-0500 (hora estándar de Colombia),,ACTIVA,677,245,,,,,,,,,1,CEDULA
136,70,920,24,15,33,2,Wed Jul 29 2026 00:00:00 GMT-0500 (hora estándar de Colombia),,ACTIVA,678,243,,,,,,,,,1,CEDULA
137,71,921,24,15,33,2,Wed Jul 29 2026 00:00:00 GMT-0500 (hora estándar de Colombia),,ACTIVA,679,244,,,,,,,,,1,CEDULA
138,72,922,24,15,33,2,Wed Jul 29 2026 00:00:00 GMT-0500 (hora estándar de Colombia),,ACTIVA,680,244,,,,,,,,,1,CEDULA
139,73,923,24,15,33,2,Wed Jul 29 2026 00:00:00 GMT-0500 (hora estándar de Colombia),,ACTIVA,681,247,,,,,,,,,1,CEDULA
140,75,924,24,15,33,2,Wed Jul 29 2026 00:00:00 GMT-0500 (hora estándar de Colombia),,ACTIVA,682,249,,,,,,,,,1,CEDULA
141,74,925,24,15,33,2,Wed Jul 29 2026 00:00:00 GMT-0500 (hora estándar de Colombia),,ACTIVA,683,249,,,,,,,,,1,CEDULA
142,731,926,24,15,33,2,Wed Jul 29 2026 00:00:00 GMT-0500 (hora estándar de Colombia),,ACTIVA,684,250,,,,,,,,,1,CEDULA
143,78,927,24,15,33,2,Wed Jul 29 2026 00:00:00 GMT-0500 (hora estándar de Colombia),,ACTIVA,685,248,,,,,,,,,1,CEDULA
144,76,928,24,15,33,2,Wed Jul 29 2026 00:00:00 GMT-0500 (hora estándar de Colombia),,ACTIVA,686,247,,,,,,,,,1,CEDULA
145,77,929,24,15,33,2,Wed Jul 29 2026 00:00:00 GMT-0500 (hora estándar de Colombia),,ACTIVA,687,250,,,,,,,,,1,CEDULA
146,732,930,24,15,33,2,Wed Jul 29 2026 00:00:00 GMT-0500 (hora estándar de Colombia),,ACTIVA,688,267,,,,,,,,,1,CEDULA
147,733,931,24,15,33,2,Wed Jul 29 2026 00:00:00 GMT-0500 (hora estándar de Colombia),,ACTIVA,689,269,,,,,,,,,1,CEDULA
148,734,932,24,15,33,2,Wed Jul 29 2026 00:00:00 GMT-0500 (hora estándar de Colombia),,ACTIVA,690,269,,,,,,,,,1,CEDULA
149,735,933,24,15,33,2,Wed Jul 29 2026 00:00:00 GMT-0500 (hora estándar de Colombia),,ACTIVA,691,20,,,,,,,,,1,CEDULA
150,736,934,24,15,33,2,Wed Jul 29 2026 00:00:00 GMT-0500 (hora estándar de Colombia),,ACTIVA,692,267,,,,,,,,,1,CEDULA
151,737,935,24,15,33,2,Wed Jul 29 2026 00:00:00 GMT-0500 (hora estándar de Colombia),,ACTIVA,693,260,,,,,,,,,1,CEDULA
152,738,936,24,15,33,2,Wed Jul 29 2026 00:00:00 GMT-0500 (hora estándar de Colombia),,ACTIVA,694,269,,,,,,,,,1,CEDULA
153,739,937,24,15,33,2,Wed Jul 29 2026 00:00:00 GMT-0500 (hora estándar de Colombia),,ACTIVA,695,269,,,,,,,,,1,CEDULA
154,740,938,24,15,33,2,Wed Jul 29 2026 00:00:00 GMT-0500 (hora estándar de Colombia),,ACTIVA,696,269,,,,,,,,,1,CEDULA
155,741,939,24,15,33,2,Wed Jul 29 2026 00:00:00 GMT-0500 (hora estándar de Colombia),,ACTIVA,697,255,,,,,,,,,1,CEDULA
156,742,940,24,15,33,2,Wed Jul 29 2026 00:00:00 GMT-0500 (hora estándar de Colombia),,ACTIVA,698,20,,,,,,,,,1,CEDULA
157,743,941,24,15,33,2,Wed Jul 29 2026 00:00:00 GMT-0500 (hora estándar de Colombia),,ACTIVA,699,269,,,,,,,,,1,CEDULA
158,744,942,24,15,33,2,Wed Jul 29 2026 00:00:00 GMT-0500 (hora estándar de Colombia),,ACTIVA,700,269,,,,,,,,,1,CEDULA
159,745,943,24,15,33,2,Wed Jul 29 2026 00:00:00 GMT-0500 (hora estándar de Colombia),,ACTIVA,701,269,,,,,,,,,1,CEDULA
160,746,944,24,15,33,2,Wed Jul 29 2026 00:00:00 GMT-0500 (hora estándar de Colombia),,ACTIVA,702,269,,,,,,,,,1,CEDULA
161,747,945,24,15,33,2,Wed Jul 29 2026 00:00:00 GMT-0500 (hora estándar de Colombia),,ACTIVA,703,266,,,,,,,,,1,CEDULA
162,748,946,24,15,33,2,Wed Jul 29 2026 00:00:00 GMT-0500 (hora estándar de Colombia),,ACTIVA,704,258,,,,,,,,,1,CEDULA
163,749,947,24,15,33,2,Wed Jul 29 2026 00:00:00 GMT-0500 (hora estándar de Colombia),,ACTIVA,705,267,,,,,,,,,1,CEDULA
164,750,948,24,15,33,2,Wed Jul 29 2026 00:00:00 GMT-0500 (hora estándar de Colombia),,ACTIVA,706,253,,,,,,,,,1,CEDULA
165,751,949,24,15,33,2,Wed Jul 29 2026 00:00:00 GMT-0500 (hora estándar de Colombia),,ACTIVA,707,258,,,,,,,,,1,CEDULA
166,752,950,24,15,33,2,Wed Jul 29 2026 00:00:00 GMT-0500 (hora estándar de Colombia),,ACTIVA,708,258,,,,,,,,,1,CEDULA
167,753,951,24,15,33,2,Wed Jul 29 2026 00:00:00 GMT-0500 (hora estándar de Colombia),,ACTIVA,709,300,,,132,1,,,,,1,CEDULA
168,754,952,24,15,33,2,Wed Jul 29 2026 00:00:00 GMT-0500 (hora estándar de Colombia),,ACTIVA,710,275,,,133,1,,,,,1,CEDULA
169,755,953,24,15,33,2,Wed Jul 29 2026 00:00:00 GMT-0500 (hora estándar de Colombia),,ACTIVA,711,287,,,134,1,,,,,1,CEDULA
170,756,954,24,15,33,2,Wed Jul 29 2026 00:00:00 GMT-0500 (hora estándar de Colombia),,ACTIVA,712,276,,,,,,,,,1,CEDULA
171,757,955,24,15,33,2,Wed Jul 29 2026 00:00:00 GMT-0500 (hora estándar de Colombia),,ACTIVA,713,276,,,135,1,,,,,1,CEDULA
172,758,956,24,15,33,2,Wed Jul 29 2026 00:00:00 GMT-0500 (hora estándar de Colombia),,ACTIVA,714,292,,,136,1,,,,,1,CEDULA
173,759,957,24,15,33,2,Wed Jul 29 2026 00:00:00 GMT-0500 (hora estándar de Colombia),,ACTIVA,715,270,,,,,,,,,1,CEDULA
174,760,958,24,15,33,2,Wed Jul 29 2026 00:00:00 GMT-0500 (hora estándar de Colombia),,ACTIVA,716,301,,,137,1,,,,,1,CEDULA
175,761,959,24,15,33,2,Wed Jul 29 2026 00:00:00 GMT-0500 (hora estándar de Colombia),,ACTIVA,717,297,,,,,,,,,1,CEDULA
176,762,960,24,15,33,2,Wed Jul 29 2026 00:00:00 GMT-0500 (hora estándar de Colombia),,ACTIVA,718,282,,,138,1,,,,,1,CEDULA
177,763,961,24,15,33,2,Wed Jul 29 2026 00:00:00 GMT-0500 (hora estándar de Colombia),,ACTIVA,719,272,,,139,1,,,,,1,CEDULA
178,764,962,24,15,33,2,Wed Jul 29 2026 00:00:00 GMT-0500 (hora estándar de Colombia),,ACTIVA,720,307,,,140,1,,,,,1,CEDULA
179,765,963,24,15,33,2,Wed Jul 29 2026 00:00:00 GMT-0500 (hora estándar de Colombia),,ACTIVA,721,278,,,,,,,,,1,CEDULA
180,766,964,24,15,33,2,Wed Jul 29 2026 00:00:00 GMT-0500 (hora estándar de Colombia),,ACTIVA,722,300,,,141,1,,,,,1,CEDULA
181,767,965,24,15,33,2,Wed Jul 29 2026 00:00:00 GMT-0500 (hora estándar de Colombia),,ACTIVA,723,302,,,,,6,1042205.00,Wed Jul 29 2026 00:00:00 GMT-0500 (hora estándar de Colombia),,1,CEDULA
182,768,966,24,15,33,2,Wed Jul 29 2026 00:00:00 GMT-0500 (hora estándar de Colombia),,ACTIVA,724,278,,,,,,,,,1,CEDULA
183,769,967,24,15,33,2,Wed Jul 29 2026 00:00:00 GMT-0500 (hora estándar de Colombia),,ACTIVA,725,276,,,142,1,,,,,1,CEDULA
184,770,968,24,15,33,2,Wed Jul 29 2026 00:00:00 GMT-0500 (hora estándar de Colombia),,ACTIVA,726,278,,,,,,,,,1,CEDULA
185,771,969,24,15,33,2,Wed Jul 29 2026 00:00:00 GMT-0500 (hora estándar de Colombia),,ACTIVA,727,291,,,,,,,,,1,CEDULA
186,772,970,24,15,33,2,Wed Jul 29 2026 00:00:00 GMT-0500 (hora estándar de Colombia),,ACTIVA,728,306,,,143,1,,,,,1,CEDULA
187,773,971,24,15,33,2,Wed Jul 29 2026 00:00:00 GMT-0500 (hora estándar de Colombia),,ACTIVA,729,308,,,144,1,,,,,1,CEDULA
188,774,972,24,15,33,2,Wed Jul 29 2026 00:00:00 GMT-0500 (hora estándar de Colombia),,ACTIVA,730,276,,,,,,,,,1,CEDULA
189,775,973,24,15,33,2,Wed Jul 29 2026 00:00:00 GMT-0500 (hora estándar de Colombia),,ACTIVA,731,271,,,145,1,,,,,1,CEDULA
190,776,974,24,15,33,2,Wed Jul 29 2026 00:00:00 GMT-0500 (hora estándar de Colombia),,ACTIVA,732,306,,,,,,,,,1,CEDULA
191,777,975,24,15,33,2,Wed Jul 29 2026 00:00:00 GMT-0500 (hora estándar de Colombia),,ACTIVA,733,279,,,,,,,,,1,CEDULA
192,778,976,24,15,33,2,Wed Jul 29 2026 00:00:00 GMT-0500 (hora estándar de Colombia),,ACTIVA,734,309,,,146,1,,,,,1,CEDULA
193,779,977,24,15,33,2,Wed Jul 29 2026 00:00:00 GMT-0500 (hora estándar de Colombia),,ACTIVA,735,275,,,,,,,,,1,CEDULA
194,780,978,24,15,33,2,Wed Jul 29 2026 00:00:00 GMT-0500 (hora estándar de Colombia),,ACTIVA,736,271,,,147,1,,,,,1,CEDULA
195,781,979,24,15,33,2,Wed Jul 29 2026 00:00:00 GMT-0500 (hora estándar de Colombia),,ACTIVA,737,279,,,,,,,,,1,CEDULA
196,782,980,24,15,33,2,Wed Jul 29 2026 00:00:00 GMT-0500 (hora estándar de Colombia),,ACTIVA,738,278,,,148,1,,,,,1,CEDULA
197,783,981,24,15,33,2,Wed Jul 29 2026 00:00:00 GMT-0500 (hora estándar de Colombia),,ACTIVA,739,276,,,,,,,,,1,CEDULA
198,784,982,24,15,33,2,Wed Jul 29 2026 00:00:00 GMT-0500 (hora estándar de Colombia),,ACTIVA,740,301,,,,,,,,,1,CEDULA
199,785,983,24,15,33,2,Wed Jul 29 2026 00:00:00 GMT-0500 (hora estándar de Colombia),,ACTIVA,741,275,,,,,,,,,1,CEDULA
200,786,984,24,15,33,2,Wed Jul 29 2026 00:00:00 GMT-0500 (hora estándar de Colombia),,ACTIVA,742,297,,,149,1,,,,,1,CEDULA
201,787,985,24,15,33,2,Wed Jul 29 2026 00:00:00 GMT-0500 (hora estándar de Colombia),,ACTIVA,743,277,,,150,1,,,,,1,CEDULA
202,788,986,24,15,33,2,Wed Jul 29 2026 00:00:00 GMT-0500 (hora estándar de Colombia),,ACTIVA,744,293,,,151,1,,,,,1,CEDULA
203,789,987,24,15,33,2,Wed Jul 29 2026 00:00:00 GMT-0500 (hora estándar de Colombia),,ACTIVA,745,290,,,152,1,,,,,1,CEDULA
204,790,988,24,15,33,2,Wed Jul 29 2026 00:00:00 GMT-0500 (hora estándar de Colombia),,ACTIVA,746,287,,,,,,,,,1,CEDULA
205,791,989,24,15,33,2,Wed Jul 29 2026 00:00:00 GMT-0500 (hora estándar de Colombia),,ACTIVA,747,275,,,153,1,,,,,1,CEDULA
206,792,990,24,15,33,2,Wed Jul 29 2026 00:00:00 GMT-0500 (hora estándar de Colombia),,ACTIVA,748,290,,,,,,,,,1,CEDULA
207,793,991,24,15,33,2,Wed Jul 29 2026 00:00:00 GMT-0500 (hora estándar de Colombia),,ACTIVA,749,270,,,154,1,,,,,1,CEDULA
208,794,992,24,15,33,2,Wed Jul 29 2026 00:00:00 GMT-0500 (hora estándar de Colombia),,ACTIVA,750,293,,,,,,,,,1,CEDULA
209,795,993,24,15,33,2,Wed Jul 29 2026 00:00:00 GMT-0500 (hora estándar de Colombia),,ACTIVA,751,304,,,155,1,,,,,1,CEDULA
210,796,994,24,15,33,2,Wed Jul 29 2026 00:00:00 GMT-0500 (hora estándar de Colombia),,ACTIVA,752,308,,,156,1,,,,,1,CEDULA
211,797,995,24,15,33,2,Wed Jul 29 2026 00:00:00 GMT-0500 (hora estándar de Colombia),,ACTIVA,753,287,,,,,,,,,1,CEDULA
212,798,996,24,15,33,2,Wed Jul 29 2026 00:00:00 GMT-0500 (hora estándar de Colombia),,ACTIVA,754,275,,,157,1,,,,,1,CEDULA
213,799,997,24,15,33,2,Wed Jul 29 2026 00:00:00 GMT-0500 (hora estándar de Colombia),,ACTIVA,755,307,,,,,,,,,1,CEDULA
214,800,998,24,15,33,2,Wed Jul 29 2026 00:00:00 GMT-0500 (hora estándar de Colombia),,ACTIVA,756,291,,,158,1,,,,,1,CEDULA
215,801,999,24,15,33,2,Wed Jul 29 2026 00:00:00 GMT-0500 (hora estándar de Colombia),,ACTIVA,757,303,,,,,,,,,1,CEDULA
216,802,1000,24,15,33,2,Wed Jul 29 2026 00:00:00 GMT-0500 (hora estándar de Colombia),,ACTIVA,758,277,,,159,1,,,,,1,CEDULA
217,803,1001,24,15,33,2,Wed Jul 29 2026 00:00:00 GMT-0500 (hora estándar de Colombia),,ACTIVA,759,271,,,,,,,,,1,CEDULA
218,804,1002,24,15,33,2,Wed Jul 29 2026 00:00:00 GMT-0500 (hora estándar de Colombia),,ACTIVA,760,308,,,160,1,,,,,1,CEDULA
219,805,1003,24,15,33,2,Wed Jul 29 2026 00:00:00 GMT-0500 (hora estándar de Colombia),,ACTIVA,761,293,,,,,,,,,1,CEDULA
220,806,1004,24,15,33,2,Wed Jul 29 2026 00:00:00 GMT-0500 (hora estándar de Colombia),,ACTIVA,762,309,,,161,1,,,,,1,CEDULA
221,807,1005,24,15,33,2,Wed Jul 29 2026 00:00:00 GMT-0500 (hora estándar de Colombia),,ACTIVA,763,272,,,162,1,,,,,1,CEDULA
222,808,1006,24,15,33,2,Wed Jul 29 2026 00:00:00 GMT-0500 (hora estándar de Colombia),,ACTIVA,764,279,,,163,1,,,,,1,CEDULA
223,809,1007,24,15,33,2,Wed Jul 29 2026 00:00:00 GMT-0500 (hora estándar de Colombia),,ACTIVA,765,275,,,,,,,,,1,CEDULA
224,810,1008,24,15,33,2,Wed Jul 29 2026 00:00:00 GMT-0500 (hora estándar de Colombia),,ACTIVA,766,307,,,164,1,,,,,1,CEDULA
225,811,1009,24,15,33,2,Wed Jul 29 2026 00:00:00 GMT-0500 (hora estándar de Colombia),,ACTIVA,767,279,,,165,1,,,,,1,CEDULA
226,812,1010,24,15,33,2,Wed Jul 29 2026 00:00:00 GMT-0500 (hora estándar de Colombia),,ACTIVA,768,289,,,166,1,,,,,1,CEDULA
227,813,1011,24,15,33,2,Wed Jul 29 2026 00:00:00 GMT-0500 (hora estándar de Colombia),,ACTIVA,769,280,,,,,,,,,1,CEDULA
228,814,1012,24,15,33,2,Wed Jul 29 2026 00:00:00 GMT-0500 (hora estándar de Colombia),,ACTIVA,770,289,,,,,,,,,1,CEDULA
229,815,1013,24,15,33,2,Wed Jul 29 2026 00:00:00 GMT-0500 (hora estándar de Colombia),,ACTIVA,771,303,,,,,,,,,1,CEDULA
230,816,1014,24,15,33,2,Wed Jul 29 2026 00:00:00 GMT-0500 (hora estándar de Colombia),,ACTIVA,772,272,,,167,1,,,,,1,CEDULA
231,817,1015,24,15,33,2,Wed Jul 29 2026 00:00:00 GMT-0500 (hora estándar de Colombia),,ACTIVA,773,282,,,168,1,,,,,1,CEDULA
232,818,1016,24,15,33,2,Wed Jul 29 2026 00:00:00 GMT-0500 (hora estándar de Colombia),,ACTIVA,774,303,,,169,1,,,,,1,CEDULA
233,819,1017,24,15,33,2,Wed Jul 29 2026 00:00:00 GMT-0500 (hora estándar de Colombia),,ACTIVA,775,291,,,,,,,,,1,CEDULA
234,820,1018,24,15,33,2,Wed Jul 29 2026 00:00:00 GMT-0500 (hora estándar de Colombia),,ACTIVA,776,270,,,170,1,,,,,1,CEDULA
235,821,1019,24,15,33,2,Wed Jul 29 2026 00:00:00 GMT-0500 (hora estándar de Colombia),,ACTIVA,777,309,,,,,,,,,1,CEDULA
236,822,1020,24,15,33,2,Wed Jul 29 2026 00:00:00 GMT-0500 (hora estándar de Colombia),,ACTIVA,778,300,,,,,,,,,1,CEDULA
237,823,1021,24,15,33,2,Wed Jul 29 2026 00:00:00 GMT-0500 (hora estándar de Colombia),,ACTIVA,779,289,,,171,1,,,,,1,CEDULA
238,824,1022,24,15,33,2,Wed Jul 29 2026 00:00:00 GMT-0500 (hora estándar de Colombia),,ACTIVA,780,289,,,172,1,,,,,1,CEDULA
239,825,1023,24,15,33,2,Wed Jul 29 2026 00:00:00 GMT-0500 (hora estándar de Colombia),,ACTIVA,781,277,,,173,1,,,,,1,CEDULA
240,826,1024,24,15,33,2,Wed Jul 29 2026 00:00:00 GMT-0500 (hora estándar de Colombia),,ACTIVA,782,282,,,,,,,,,1,CEDULA
241,827,1025,24,15,33,2,Wed Jul 29 2026 00:00:00 GMT-0500 (hora estándar de Colombia),,ACTIVA,783,282,,,,,,,,,1,CEDULA
242,828,1026,24,15,33,2,Wed Jul 29 2026 00:00:00 GMT-0500 (hora estándar de Colombia),,ACTIVA,784,305,,,174,1,,,,,1,CEDULA
243,829,1027,24,15,33,2,Wed Jul 29 2026 00:00:00 GMT-0500 (hora estándar de Colombia),,ACTIVA,785,275,,,175,1,,,,,1,CEDULA
244,830,1028,24,15,33,2,Wed Jul 29 2026 00:00:00 GMT-0500 (hora estándar de Colombia),,ACTIVA,786,303,,,176,1,,,,,1,CEDULA
245,831,1029,24,15,33,2,Wed Jul 29 2026 00:00:00 GMT-0500 (hora estándar de Colombia),,ACTIVA,787,293,,,177,1,,,,,1,CEDULA
246,832,1030,24,15,33,2,Wed Jul 29 2026 00:00:00 GMT-0500 (hora estándar de Colombia),,ACTIVA,788,307,,,,,,,,,1,CEDULA
247,833,1031,24,15,33,2,Wed Jul 29 2026 00:00:00 GMT-0500 (hora estándar de Colombia),,ACTIVA,789,21,,,,,,,,,1,CEDULA
248,834,1032,24,15,33,2,Wed Jul 29 2026 00:00:00 GMT-0500 (hora estándar de Colombia),,ACTIVA,790,21,,,,,,,,,1,CEDULA
249,835,1033,24,15,33,2,Wed Jul 29 2026 00:00:00 GMT-0500 (hora estándar de Colombia),,ACTIVA,791,21,,,,,,,,,1,CEDULA
250,836,1034,24,15,33,2,Wed Jul 29 2026 00:00:00 GMT-0500 (hora estándar de Colombia),,ACTIVA,792,21,,,,,,,,,1,CEDULA
251,837,1035,24,15,33,2,Wed Jul 29 2026 00:00:00 GMT-0500 (hora estándar de Colombia),,ACTIVA,793,323,,,,,,,,,1,CEDULA
252,838,1036,24,15,33,2,Wed Jul 29 2026 00:00:00 GMT-0500 (hora estándar de Colombia),,ACTIVA,794,344,,,,,,,,,1,CEDULA
253,839,1037,24,15,33,2,Wed Jul 29 2026 00:00:00 GMT-0500 (hora estándar de Colombia),,ACTIVA,795,24,,,,,,,,,1,CEDULA
254,840,1038,24,15,33,2,Wed Jul 29 2026 00:00:00 GMT-0500 (hora estándar de Colombia),,ACTIVA,796,384,,,,,,,,,1,CEDULA
255,841,1039,24,15,33,2,Wed Jul 29 2026 00:00:00 GMT-0500 (hora estándar de Colombia),,ACTIVA,797,387,,,,,,,,,1,CEDULA
256,842,1040,24,15,33,2,Wed Jul 29 2026 00:00:00 GMT-0500 (hora estándar de Colombia),,ACTIVA,798,391,,,,,,,,,1,CEDULA
257,843,1041,24,15,33,2,Wed Jul 29 2026 00:00:00 GMT-0500 (hora estándar de Colombia),,ACTIVA,799,403,,,,,,,,,1,CEDULA
258,844,1042,24,15,33,2,Wed Jul 29 2026 00:00:00 GMT-0500 (hora estándar de Colombia),,ACTIVA,800,315,,,,,,,,,1,CEDULA
259,845,1043,24,15,33,2,Wed Jul 29 2026 00:00:00 GMT-0500 (hora estándar de Colombia),,ACTIVA,801,404,,,,,,,,,1,CEDULA
260,846,1044,24,15,33,2,Wed Jul 29 2026 00:00:00 GMT-0500 (hora estándar de Colombia),,ACTIVA,802,432,,,,,,,,,1,CEDULA
261,847,1045,24,15,33,2,Wed Jul 29 2026 00:00:00 GMT-0500 (hora estándar de Colombia),,ACTIVA,803,392,,,,,,,,,1,CEDULA
262,848,1046,24,15,33,2,Wed Jul 29 2026 00:00:00 GMT-0500 (hora estándar de Colombia),,ACTIVA,804,391,,,,,,,,,1,CEDULA
263,849,1047,24,15,33,2,Wed Jul 29 2026 00:00:00 GMT-0500 (hora estándar de Colombia),,ACTIVA,805,423,,,,,,,,,1,CEDULA
264,850,1048,24,15,33,2,Wed Jul 29 2026 00:00:00 GMT-0500 (hora estándar de Colombia),,ACTIVA,806,385,,,,,,,,,1,CEDULA
265,851,1049,24,15,33,2,Wed Jul 29 2026 00:00:00 GMT-0500 (hora estándar de Colombia),,ACTIVA,807,428,,,,,,,,,1,CEDULA
266,852,1050,24,15,33,2,Wed Jul 29 2026 00:00:00 GMT-0500 (hora estándar de Colombia),,ACTIVA,808,421,,,,,,,,,1,CEDULA
267,853,1051,24,15,33,2,Wed Jul 29 2026 00:00:00 GMT-0500 (hora estándar de Colombia),,ACTIVA,809,390,,,,,,,,,1,CEDULA
268,854,1052,24,15,33,2,Wed Jul 29 2026 00:00:00 GMT-0500 (hora estándar de Colombia),,ACTIVA,810,392,,,,,,,,,1,CEDULA
269,855,1053,24,15,33,2,Wed Jul 29 2026 00:00:00 GMT-0500 (hora estándar de Colombia),,ACTIVA,811,394,,,,,,,,,1,CEDULA
270,856,1054,24,15,33,2,Wed Jul 29 2026 00:00:00 GMT-0500 (hora estándar de Colombia),,ACTIVA,812,425,,,,,,,,,1,CEDULA
271,857,1055,24,15,33,2,Wed Jul 29 2026 00:00:00 GMT-0500 (hora estándar de Colombia),,ACTIVA,813,386,,,,,,,,,1,CEDULA
272,858,1056,24,15,33,2,Wed Jul 29 2026 00:00:00 GMT-0500 (hora estándar de Colombia),,ACTIVA,814,391,,,,,,,,,1,CEDULA
273,859,1057,24,15,33,2,Wed Jul 29 2026 00:00:00 GMT-0500 (hora estándar de Colombia),,ACTIVA,815,417,,,,,,,,,1,CEDULA
274,860,1058,24,15,33,2,Wed Jul 29 2026 00:00:00 GMT-0500 (hora estándar de Colombia),,ACTIVA,816,400,,,,,,,,,1,CEDULA
275,861,1059,24,15,33,2,Wed Jul 29 2026 00:00:00 GMT-0500 (hora estándar de Colombia),,ACTIVA,817,359,,,,,,,,,1,CEDULA
276,862,1060,24,15,33,2,Wed Jul 29 2026 00:00:00 GMT-0500 (hora estándar de Colombia),,ACTIVA,818,403,,,,,,,,,1,CEDULA
277,863,1061,24,15,33,2,Wed Jul 29 2026 00:00:00 GMT-0500 (hora estándar de Colombia),,ACTIVA,819,394,,,,,,,,,1,CEDULA
278,864,1062,24,15,33,2,Wed Jul 29 2026 00:00:00 GMT-0500 (hora estándar de Colombia),,ACTIVA,820,389,,,,,,,,,1,CEDULA
279,865,1063,24,15,33,2,Wed Jul 29 2026 00:00:00 GMT-0500 (hora estándar de Colombia),,ACTIVA,821,419,,,,,,,,,1,CEDULA
280,866,1064,24,15,33,2,Wed Jul 29 2026 00:00:00 GMT-0500 (hora estándar de Colombia),,ACTIVA,822,430,,,,,,,,,1,CEDULA
281,867,1065,24,15,33,2,Wed Jul 29 2026 00:00:00 GMT-0500 (hora estándar de Colombia),,ACTIVA,823,354,,,,,,,,,1,CEDULA
282,868,1066,24,15,33,2,Wed Jul 29 2026 00:00:00 GMT-0500 (hora estándar de Colombia),,ACTIVA,824,372,,,,,,,,,1,CEDULA
283,869,1067,24,15,33,2,Wed Jul 29 2026 00:00:00 GMT-0500 (hora estándar de Colombia),,ACTIVA,825,404,,,,,,,,,1,CEDULA
284,870,1068,24,15,33,2,Wed Jul 29 2026 00:00:00 GMT-0500 (hora estándar de Colombia),,ACTIVA,826,343,,,,,,,,,1,CEDULA
285,871,1069,24,15,33,2,Wed Jul 29 2026 00:00:00 GMT-0500 (hora estándar de Colombia),,ACTIVA,827,324,,,,,,,,,1,CEDULA
286,872,1070,24,15,33,2,Wed Jul 29 2026 00:00:00 GMT-0500 (hora estándar de Colombia),,ACTIVA,828,381,,,,,,,,,1,CEDULA
287,873,1071,24,15,33,2,Wed Jul 29 2026 00:00:00 GMT-0500 (hora estándar de Colombia),,ACTIVA,829,310,,,,,,,,,1,CEDULA
288,874,1072,24,15,33,2,Wed Jul 29 2026 00:00:00 GMT-0500 (hora estándar de Colombia),,ACTIVA,830,344,,,,,,,,,1,CEDULA
289,875,1073,24,15,33,2,Wed Jul 29 2026 00:00:00 GMT-0500 (hora estándar de Colombia),,ACTIVA,831,420,,,,,,,,,1,CEDULA
290,876,1074,24,15,33,2,Wed Jul 29 2026 00:00:00 GMT-0500 (hora estándar de Colombia),,ACTIVA,832,324,,,,,,,,,1,CEDULA
291,877,1075,24,15,33,2,Wed Jul 29 2026 00:00:00 GMT-0500 (hora estándar de Colombia),,ACTIVA,833,391,,,,,,,,,1,CEDULA
292,878,1076,24,15,33,2,Wed Jul 29 2026 00:00:00 GMT-0500 (hora estándar de Colombia),,ACTIVA,834,418,,,,,,,,,1,CEDULA
293,879,1077,24,15,33,2,Wed Jul 29 2026 00:00:00 GMT-0500 (hora estándar de Colombia),,ACTIVA,835,391,,,,,,,,,1,CEDULA
294,880,1078,24,15,33,2,Wed Jul 29 2026 00:00:00 GMT-0500 (hora estándar de Colombia),,ACTIVA,836,388,,,,,,,,,1,CEDULA
295,881,1079,24,15,33,2,Wed Jul 29 2026 00:00:00 GMT-0500 (hora estándar de Colombia),,ACTIVA,837,379,,,,,,,,,1,CEDULA
296,882,1080,24,15,33,2,Wed Jul 29 2026 00:00:00 GMT-0500 (hora estándar de Colombia),,ACTIVA,838,375,,,,,,,,,1,CEDULA
297,883,1081,24,15,33,2,Wed Jul 29 2026 00:00:00 GMT-0500 (hora estándar de Colombia),,ACTIVA,839,422,,,,,,,,,1,CEDULA
298,884,1082,24,15,33,2,Wed Jul 29 2026 00:00:00 GMT-0500 (hora estándar de Colombia),,ACTIVA,840,417,,,,,,,,,1,CEDULA
299,885,1083,24,15,33,2,Wed Jul 29 2026 00:00:00 GMT-0500 (hora estándar de Colombia),,ACTIVA,841,394,,,,,,,,,1,CEDULA
300,886,1084,24,15,33,2,Wed Jul 29 2026 00:00:00 GMT-0500 (hora estándar de Colombia),,ACTIVA,842,404,,,,,,,,,1,CEDULA
301,887,1085,24,15,33,2,Wed Jul 29 2026 00:00:00 GMT-0500 (hora estándar de Colombia),,ACTIVA,843,349,,,,,,,,,1,CEDULA
302,888,1086,24,15,33,2,Wed Jul 29 2026 00:00:00 GMT-0500 (hora estándar de Colombia),,ACTIVA,844,324,,,,,,,,,1,CEDULA
303,889,1087,24,15,33,2,Wed Jul 29 2026 00:00:00 GMT-0500 (hora estándar de Colombia),,ACTIVA,845,392,,,,,,,,,1,CEDULA
304,890,1088,24,15,33,2,Wed Jul 29 2026 00:00:00 GMT-0500 (hora estándar de Colombia),,ACTIVA,846,423,,,,,,,,,1,CEDULA
305,891,1089,24,15,33,2,Wed Jul 29 2026 00:00:00 GMT-0500 (hora estándar de Colombia),,ACTIVA,847,392,,,,,,,,,1,CEDULA
306,892,1090,24,15,33,2,Wed Jul 29 2026 00:00:00 GMT-0500 (hora estándar de Colombia),,ACTIVA,848,322,,,,,,,,,1,CEDULA
307,893,1091,24,15,33,2,Wed Jul 29 2026 00:00:00 GMT-0500 (hora estándar de Colombia),,ACTIVA,849,418,,,,,,,,,1,CEDULA
308,894,1092,24,15,33,2,Wed Jul 29 2026 00:00:00 GMT-0500 (hora estándar de Colombia),,ACTIVA,850,357,,,,,,,,,1,CEDULA
309,895,1093,24,15,33,2,Wed Jul 29 2026 00:00:00 GMT-0500 (hora estándar de Colombia),,ACTIVA,851,390,,,,,,,,,1,CEDULA
310,896,1094,24,15,33,2,Wed Jul 29 2026 00:00:00 GMT-0500 (hora estándar de Colombia),,ACTIVA,852,323,,,,,,,,,1,CEDULA
311,897,1095,24,15,33,2,Wed Jul 29 2026 00:00:00 GMT-0500 (hora estándar de Colombia),,ACTIVA,853,390,,,,,,,,,1,CEDULA
312,898,1096,24,15,33,2,Wed Jul 29 2026 00:00:00 GMT-0500 (hora estándar de Colombia),,ACTIVA,854,403,,,,,,,,,1,CEDULA
313,899,1097,24,15,33,2,Wed Jul 29 2026 00:00:00 GMT-0500 (hora estándar de Colombia),,ACTIVA,855,353,,,,,,,,,1,CEDULA
314,900,1098,24,15,33,2,Wed Jul 29 2026 00:00:00 GMT-0500 (hora estándar de Colombia),,ACTIVA,856,433,,,,,,,,,1,CEDULA
315,901,1099,24,15,33,2,Wed Jul 29 2026 00:00:00 GMT-0500 (hora estándar de Colombia),,ACTIVA,857,392,,,,,,,,,1,CEDULA
316,902,1100,24,15,33,2,Wed Jul 29 2026 00:00:00 GMT-0500 (hora estándar de Colombia),,ACTIVA,858,357,,,,,,,,,1,CEDULA
317,903,1101,24,15,33,2,Wed Jul 29 2026 00:00:00 GMT-0500 (hora estándar de Colombia),,ACTIVA,859,392,,,,,,,,,1,CEDULA
318,904,1102,24,15,33,2,Wed Jul 29 2026 00:00:00 GMT-0500 (hora estándar de Colombia),,ACTIVA,860,405,,,,,,,,,1,CEDULA
319,905,1103,24,15,33,2,Wed Jul 29 2026 00:00:00 GMT-0500 (hora estándar de Colombia),,ACTIVA,861,393,,,,,,,,,1,CEDULA
320,906,1104,24,15,33,2,Wed Jul 29 2026 00:00:00 GMT-0500 (hora estándar de Colombia),,ACTIVA,862,358,,,,,,,,,1,CEDULA
321,907,1105,24,15,33,2,Wed Jul 29 2026 00:00:00 GMT-0500 (hora estándar de Colombia),,ACTIVA,863,385,,,,,,,,,1,CEDULA
322,908,1106,24,15,33,2,Wed Jul 29 2026 00:00:00 GMT-0500 (hora estándar de Colombia),,ACTIVA,864,423,,,,,,,,,1,CEDULA
323,909,1107,24,15,33,2,Wed Jul 29 2026 00:00:00 GMT-0500 (hora estándar de Colombia),,ACTIVA,865,426,,,,,,,,,1,CEDULA
324,910,1108,24,15,33,2,Wed Jul 29 2026 00:00:00 GMT-0500 (hora estándar de Colombia),,ACTIVA,866,356,,,,,7,1750905.00,Wed Jul 29 2026 00:00:00 GMT-0500 (hora estándar de Colombia),,1,CEDULA
325,79,1109,24,15,33,2,Wed Jul 29 2026 00:00:00 GMT-0500 (hora estándar de Colombia),,ACTIVA,867,451,,,,,,,,,1,CEDULA
326,80,1110,24,15,33,2,Wed Jul 29 2026 00:00:00 GMT-0500 (hora estándar de Colombia),,ACTIVA,868,448,,,,,,,,,1,CEDULA
327,81,1111,24,15,33,2,Wed Jul 29 2026 00:00:00 GMT-0500 (hora estándar de Colombia),,ACTIVA,869,449,,,,,,,,,1,CEDULA
328,82,1112,24,15,33,2,Wed Jul 29 2026 00:00:00 GMT-0500 (hora estándar de Colombia),,ACTIVA,870,439,,,,,,,,,1,CEDULA
329,83,1113,24,15,33,2,Wed Jul 29 2026 00:00:00 GMT-0500 (hora estándar de Colombia),,ACTIVA,871,454,,,,,,,,,1,CEDULA
330,84,1114,24,15,33,2,Wed Jul 29 2026 00:00:00 GMT-0500 (hora estándar de Colombia),,ACTIVA,872,444,,,,,,,,,1,CEDULA
331,85,1115,24,15,33,2,Wed Jul 29 2026 00:00:00 GMT-0500 (hora estándar de Colombia),,ACTIVA,873,442,,,,,,,,,1,CEDULA
332,86,1116,24,15,33,2,Wed Jul 29 2026 00:00:00 GMT-0500 (hora estándar de Colombia),,ACTIVA,874,449,,,,,,,,,1,CEDULA
333,87,1117,24,15,33,2,Wed Jul 29 2026 00:00:00 GMT-0500 (hora estándar de Colombia),,ACTIVA,875,440,,,,,,,,,1,CEDULA
334,88,1118,24,15,33,2,Wed Jul 29 2026 00:00:00 GMT-0500 (hora estándar de Colombia),,ACTIVA,876,441,,,,,,,,,1,CEDULA
335,90,1119,24,15,33,2,Wed Jul 29 2026 00:00:00 GMT-0500 (hora estándar de Colombia),,ACTIVA,877,452,,,,,,,,,1,CEDULA
336,89,1120,24,15,33,2,Wed Jul 29 2026 00:00:00 GMT-0500 (hora estándar de Colombia),,ACTIVA,878,439,,,,,,,,,1,CEDULA
337,91,1121,24,15,33,2,Wed Jul 29 2026 00:00:00 GMT-0500 (hora estándar de Colombia),,ACTIVA,879,439,,,,,,,,,1,CEDULA
338,92,1122,24,15,33,2,Wed Jul 29 2026 00:00:00 GMT-0500 (hora estándar de Colombia),,ACTIVA,880,453,,,,,,,,,1,CEDULA
339,93,1123,24,15,33,2,Wed Jul 29 2026 00:00:00 GMT-0500 (hora estándar de Colombia),,ACTIVA,881,450,,,,,,,,,1,CEDULA
340,94,1124,24,15,33,2,Wed Jul 29 2026 00:00:00 GMT-0500 (hora estándar de Colombia),,ACTIVA,882,439,,,,,,,,,1,CEDULA
341,911,1125,24,15,33,2,Wed Jul 29 2026 00:00:00 GMT-0500 (hora estándar de Colombia),,ACTIVA,883,450,,,,,,,,,1,CEDULA
342,96,1126,24,15,33,2,Wed Jul 29 2026 00:00:00 GMT-0500 (hora estándar de Colombia),,ACTIVA,884,438,,,,,,,,,1,CEDULA
343,98,1127,24,15,33,2,Wed Jul 29 2026 00:00:00 GMT-0500 (hora estándar de Colombia),,ACTIVA,885,449,,,,,,,,,1,CEDULA
344,912,1128,24,15,33,2,Wed Jul 29 2026 00:00:00 GMT-0500 (hora estándar de Colombia),,ACTIVA,886,441,,,,,,,,,1,CEDULA
345,99,1129,24,15,33,2,Wed Jul 29 2026 00:00:00 GMT-0500 (hora estándar de Colombia),,ACTIVA,887,440,,,,,,,,,1,CEDULA
346,100,1130,24,15,33,2,Wed Jul 29 2026 00:00:00 GMT-0500 (hora estándar de Colombia),,ACTIVA,888,441,,,,,,,,,1,CEDULA
347,913,1131,24,15,33,2,Wed Jul 29 2026 00:00:00 GMT-0500 (hora estándar de Colombia),,ACTIVA,889,466,,,,,,,,,1,CEDULA
348,914,1132,24,15,33,2,Wed Jul 29 2026 00:00:00 GMT-0500 (hora estándar de Colombia),,ACTIVA,890,479,,,,,,,,,1,CEDULA
349,915,1133,24,15,33,2,Wed Jul 29 2026 00:00:00 GMT-0500 (hora estándar de Colombia),,ACTIVA,891,470,,,,,,,,,1,CEDULA
350,916,1134,24,15,33,2,Wed Jul 29 2026 00:00:00 GMT-0500 (hora estándar de Colombia),,ACTIVA,892,478,,,,,,,,,1,CEDULA
351,917,1135,24,15,33,1,Wed Jul 29 2026 00:00:00 GMT-0500 (hora estándar de Colombia),Mon Nov 30 2026 00:00:00 GMT-0500 (hora estándar de Colombia),ACTIVA,893,480,,,,,,,,,1,CEDULA
352,918,1136,24,15,33,2,Wed Jul 29 2026 00:00:00 GMT-0500 (hora estándar de Colombia),,ACTIVA,894,469,,,,,,,,,1,CEDULA
353,919,1137,24,15,33,2,Wed Jul 29 2026 00:00:00 GMT-0500 (hora estándar de Colombia),,ACTIVA,895,480,,,,,,,,,1,CEDULA
354,920,1138,24,15,33,2,Wed Jul 29 2026 00:00:00 GMT-0500 (hora estándar de Colombia),,ACTIVA,896,474,,,,,,,,,1,CEDULA
355,921,1139,24,15,33,2,Wed Jul 29 2026 00:00:00 GMT-0500 (hora estándar de Colombia),,ACTIVA,897,469,,,,,,,,,1,CEDULA
356,922,1140,24,15,33,2,Wed Jul 29 2026 00:00:00 GMT-0500 (hora estándar de Colombia),,ACTIVA,898,475,,,,,,,,,1,CEDULA
357,923,1141,24,15,33,2,Wed Jul 29 2026 00:00:00 GMT-0500 (hora estándar de Colombia),,ACTIVA,899,458,,,,,,,,,1,CEDULA
358,924,1142,24,15,33,1,Wed Jul 29 2026 00:00:00 GMT-0500 (hora estándar de Colombia),Mon Nov 30 2026 00:00:00 GMT-0500 (hora estándar de Colombia),ACTIVA,900,480,,,,,,,,,1,CEDULA
359,925,1143,24,15,33,2,Wed Jul 29 2026 00:00:00 GMT-0500 (hora estándar de Colombia),,ACTIVA,901,456,,,,,,,,,1,CEDULA
360,926,1144,24,15,33,2,Wed Jul 29 2026 00:00:00 GMT-0500 (hora estándar de Colombia),,ACTIVA,902,479,,,,,,,,,1,CEDULA
361,927,1145,24,15,33,2,Wed Jul 29 2026 00:00:00 GMT-0500 (hora estándar de Colombia),,ACTIVA,903,478,,,,,,,,,1,CEDULA
362,928,1146,24,15,33,2,Wed Jul 29 2026 00:00:00 GMT-0500 (hora estándar de Colombia),,ACTIVA,904,479,,,,,,,,,1,CEDULA
363,929,1147,24,15,33,2,Wed Jul 29 2026 00:00:00 GMT-0500 (hora estándar de Colombia),,ACTIVA,905,458,,,,,,,,,1,CEDULA
364,930,1148,24,15,33,2,Wed Jul 29 2026 00:00:00 GMT-0500 (hora estándar de Colombia),,ACTIVA,906,469,,,,,,,,,1,CEDULA
365,101,1149,24,15,33,2,Wed Jul 29 2026 00:00:00 GMT-0500 (hora estándar de Colombia),,ACTIVA,907,517,,,,,,,,,1,CEDULA
366,102,1150,24,15,33,2,Wed Jul 29 2026 00:00:00 GMT-0500 (hora estándar de Colombia),,ACTIVA,908,501,,,,,,,,,1,CEDULA
367,103,1151,24,15,33,2,Wed Jul 29 2026 00:00:00 GMT-0500 (hora estándar de Colombia),,ACTIVA,909,519,,,,,,,,,1,CEDULA
368,931,1152,24,15,33,2,Wed Jul 29 2026 00:00:00 GMT-0500 (hora estándar de Colombia),,ACTIVA,910,524,,,,,,,,,1,CEDULA
369,104,1153,24,15,33,2,Wed Jul 29 2026 00:00:00 GMT-0500 (hora estándar de Colombia),,ACTIVA,911,519,,,,,,,,,1,CEDULA
370,105,1154,24,15,33,2,Wed Jul 29 2026 00:00:00 GMT-0500 (hora estándar de Colombia),,ACTIVA,912,501,,,,,,,,,1,CEDULA
371,106,1155,24,15,33,2,Wed Jul 29 2026 00:00:00 GMT-0500 (hora estándar de Colombia),,ACTIVA,913,516,,,,,,,,,1,CEDULA
372,107,1156,24,15,33,2,Wed Jul 29 2026 00:00:00 GMT-0500 (hora estándar de Colombia),,ACTIVA,914,519,,,,,,,,,1,CEDULA
373,108,1157,24,15,33,2,Wed Jul 29 2026 00:00:00 GMT-0500 (hora estándar de Colombia),,ACTIVA,915,504,,,,,,,,,1,CEDULA
374,109,1158,24,15,33,2,Wed Jul 29 2026 00:00:00 GMT-0500 (hora estándar de Colombia),,ACTIVA,916,519,,,,,,,,,1,CEDULA
375,110,1159,24,15,33,2,Wed Jul 29 2026 00:00:00 GMT-0500 (hora estándar de Colombia),,ACTIVA,917,518,,,,,,,,,1,CEDULA
376,111,1160,24,15,33,2,Wed Jul 29 2026 00:00:00 GMT-0500 (hora estándar de Colombia),,ACTIVA,918,524,,,,,,,,,1,CEDULA
377,112,1161,24,15,33,2,Wed Jul 29 2026 00:00:00 GMT-0500 (hora estándar de Colombia),,ACTIVA,919,518,,,,,,,,,1,CEDULA
378,113,1162,24,15,33,2,Wed Jul 29 2026 00:00:00 GMT-0500 (hora estándar de Colombia),,ACTIVA,920,516,,,,,,,,,1,CEDULA
379,114,1163,24,15,33,2,Wed Jul 29 2026 00:00:00 GMT-0500 (hora estándar de Colombia),,ACTIVA,921,504,,,,,,,,,1,CEDULA
380,115,1164,24,15,33,2,Wed Jul 29 2026 00:00:00 GMT-0500 (hora estándar de Colombia),,ACTIVA,922,517,,,,,,,,,1,CEDULA
381,116,1165,24,15,33,2,Wed Jul 29 2026 00:00:00 GMT-0500 (hora estándar de Colombia),,ACTIVA,923,517,,,,,,,,,1,CEDULA
382,932,1166,24,15,33,2,Wed Jul 29 2026 00:00:00 GMT-0500 (hora estándar de Colombia),,ACTIVA,924,516,,,,,,,,,1,CEDULA
383,117,1167,24,15,33,2,Wed Jul 29 2026 00:00:00 GMT-0500 (hora estándar de Colombia),,ACTIVA,925,504,,,,,,,,,1,CEDULA
384,933,1168,24,15,33,2,Wed Jul 29 2026 00:00:00 GMT-0500 (hora estándar de Colombia),,ACTIVA,926,544,,,,,,,,,1,CEDULA
385,934,1169,24,15,33,2,Wed Jul 29 2026 00:00:00 GMT-0500 (hora estándar de Colombia),,ACTIVA,927,546,,,,,,,,,1,CEDULA
386,935,1170,24,15,33,2,Wed Jul 29 2026 00:00:00 GMT-0500 (hora estándar de Colombia),,ACTIVA,928,565,,,,,,,,,1,CEDULA
387,936,1171,24,15,33,2,Wed Jul 29 2026 00:00:00 GMT-0500 (hora estándar de Colombia),,ACTIVA,929,555,,,,,,,,,1,CEDULA
388,937,1172,24,15,33,2,Wed Jul 29 2026 00:00:00 GMT-0500 (hora estándar de Colombia),,ACTIVA,930,565,,,,,,,,,1,CEDULA
389,938,1173,24,15,33,2,Wed Jul 29 2026 00:00:00 GMT-0500 (hora estándar de Colombia),,ACTIVA,931,546,,,,,,,,,1,CEDULA
390,939,1174,24,15,33,2,Wed Jul 29 2026 00:00:00 GMT-0500 (hora estándar de Colombia),,ACTIVA,932,558,,,,,,,,,1,CEDULA
391,940,1175,24,15,33,2,Wed Jul 29 2026 00:00:00 GMT-0500 (hora estándar de Colombia),,ACTIVA,933,534,,,,,,,,,1,CEDULA
392,941,1176,24,15,33,2,Wed Jul 29 2026 00:00:00 GMT-0500 (hora estándar de Colombia),,ACTIVA,934,535,,,,,,,,,1,CEDULA
393,942,1177,24,15,33,2,Wed Jul 29 2026 00:00:00 GMT-0500 (hora estándar de Colombia),,ACTIVA,935,548,,,,,,,,,1,CEDULA
394,943,1178,24,15,33,2,Wed Jul 29 2026 00:00:00 GMT-0500 (hora estándar de Colombia),,ACTIVA,936,540,,,,,,,,,1,CEDULA
395,944,1179,24,15,33,2,Wed Jul 29 2026 00:00:00 GMT-0500 (hora estándar de Colombia),,ACTIVA,937,563,,,,,,,,,1,CEDULA
396,945,1180,24,15,33,2,Wed Jul 29 2026 00:00:00 GMT-0500 (hora estándar de Colombia),,ACTIVA,938,557,,,,,,,,,1,CEDULA
397,946,1181,24,15,33,2,Wed Jul 29 2026 00:00:00 GMT-0500 (hora estándar de Colombia),,ACTIVA,939,564,,,,,,,,,1,CEDULA
398,947,1182,24,15,33,2,Wed Jul 29 2026 00:00:00 GMT-0500 (hora estándar de Colombia),,ACTIVA,940,553,,,,,,,,,1,CEDULA
399,948,1183,24,15,33,2,Wed Jul 29 2026 00:00:00 GMT-0500 (hora estándar de Colombia),,ACTIVA,941,545,,,,,,,,,1,CEDULA
400,949,1184,24,15,33,2,Wed Jul 29 2026 00:00:00 GMT-0500 (hora estándar de Colombia),,ACTIVA,942,541,,,,,,,,,1,CEDULA
401,950,1185,24,15,33,2,Wed Jul 29 2026 00:00:00 GMT-0500 (hora estándar de Colombia),,ACTIVA,943,547,,,,,,,,,1,CEDULA
402,951,1186,24,15,33,2,Wed Jul 29 2026 00:00:00 GMT-0500 (hora estándar de Colombia),,ACTIVA,944,545,,,,,,,,,1,CEDULA
403,952,1187,24,15,33,2,Wed Jul 29 2026 00:00:00 GMT-0500 (hora estándar de Colombia),,ACTIVA,945,556,,,,,,,,,1,CEDULA
404,953,1188,24,15,33,2,Wed Jul 29 2026 00:00:00 GMT-0500 (hora estándar de Colombia),,ACTIVA,946,544,,,,,,,,,1,CEDULA
405,954,1189,24,15,33,2,Wed Jul 29 2026 00:00:00 GMT-0500 (hora estándar de Colombia),,ACTIVA,947,544,,,,,,,,,1,CEDULA
406,955,1190,24,15,33,2,Wed Jul 29 2026 00:00:00 GMT-0500 (hora estándar de Colombia),,ACTIVA,948,565,,,,,,,,,1,CEDULA
407,956,1191,24,15,33,2,Wed Jul 29 2026 00:00:00 GMT-0500 (hora estándar de Colombia),,ACTIVA,949,537,,,,,,,,,1,CEDULA
408,957,1192,24,15,33,2,Wed Jul 29 2026 00:00:00 GMT-0500 (hora estándar de Colombia),,ACTIVA,950,551,,,,,,,,,1,CEDULA
409,958,1193,24,15,33,2,Wed Jul 29 2026 00:00:00 GMT-0500 (hora estándar de Colombia),,ACTIVA,951,541,,,,,,,,,1,CEDULA
410,959,1194,24,15,33,2,Wed Jul 29 2026 00:00:00 GMT-0500 (hora estándar de Colombia),,ACTIVA,952,558,,,,,,,,,1,CEDULA
411,960,1195,24,15,33,2,Wed Jul 29 2026 00:00:00 GMT-0500 (hora estándar de Colombia),,ACTIVA,953,547,,,,,,,,,1,CEDULA
412,961,1196,24,15,33,2,Wed Jul 29 2026 00:00:00 GMT-0500 (hora estándar de Colombia),,ACTIVA,954,532,,,,,,,,,1,CEDULA
413,962,1197,24,15,33,2,Wed Jul 29 2026 00:00:00 GMT-0500 (hora estándar de Colombia),,ACTIVA,955,544,,,,,,,,,1,CEDULA
414,963,1198,24,15,33,2,Wed Jul 29 2026 00:00:00 GMT-0500 (hora estándar de Colombia),,ACTIVA,956,541,,,,,,,,,1,CEDULA
415,964,1199,24,15,33,2,Wed Jul 29 2026 00:00:00 GMT-0500 (hora estándar de Colombia),,ACTIVA,957,562,,,,,,,,,1,CEDULA
416,965,1200,24,15,33,2,Wed Jul 29 2026 00:00:00 GMT-0500 (hora estándar de Colombia),,ACTIVA,958,546,,,,,,,,,1,CEDULA
417,966,1201,24,15,33,2,Wed Jul 29 2026 00:00:00 GMT-0500 (hora estándar de Colombia),,ACTIVA,959,542,,,,,,,,,1,CEDULA
418,967,1202,24,15,33,2,Wed Jul 29 2026 00:00:00 GMT-0500 (hora estándar de Colombia),,ACTIVA,960,555,,,,,,,,,1,CEDULA
419,968,1203,24,15,33,2,Wed Jul 29 2026 00:00:00 GMT-0500 (hora estándar de Colombia),,ACTIVA,961,547,,,,,,,,,1,CEDULA
420,969,1204,24,15,33,2,Wed Jul 29 2026 00:00:00 GMT-0500 (hora estándar de Colombia),,ACTIVA,962,533,,,,,,,,,1,CEDULA
421,970,1205,24,15,33,2,Wed Jul 29 2026 00:00:00 GMT-0500 (hora estándar de Colombia),,ACTIVA,963,568,,,,,,,,,1,CEDULA
422,971,1206,24,15,33,2,Wed Jul 29 2026 00:00:00 GMT-0500 (hora estándar de Colombia),,ACTIVA,964,575,,,,,,,,,1,CEDULA
423,972,1207,24,15,33,2,Wed Jul 29 2026 00:00:00 GMT-0500 (hora estándar de Colombia),,ACTIVA,965,574,,,,,,,,,1,CEDULA
424,973,1208,24,15,33,2,Wed Jul 29 2026 00:00:00 GMT-0500 (hora estándar de Colombia),,ACTIVA,966,568,,,,,,,,,1,CEDULA
425,240,256,24,15,33,2,Wed Jul 29 2026 00:00:00 GMT-0500 (hora estándar de Colombia),Sun Aug 02 2026 00:00:00 GMT-0500 (hora estándar de Colombia),RETIRADA,,,,,,,,,,,1,CEDULA
426,974,1209,24,15,33,2,Wed Jul 29 2026 00:00:00 GMT-0500 (hora estándar de Colombia),,ACTIVA,967,567,,,,,,,,,1,CEDULA
427,975,1210,24,15,33,2,Wed Jul 29 2026 00:00:00 GMT-0500 (hora estándar de Colombia),,ACTIVA,968,567,,,,,,,,,1,CEDULA
428,976,1211,24,15,33,2,Wed Jul 29 2026 00:00:00 GMT-0500 (hora estándar de Colombia),,ACTIVA,969,569,,,,,,,,,1,CEDULA
429,977,1212,24,15,33,2,Wed Jul 29 2026 00:00:00 GMT-0500 (hora estándar de Colombia),,ACTIVA,970,575,,,,,,,,,1,CEDULA
430,978,1213,24,15,33,2,Wed Jul 29 2026 00:00:00 GMT-0500 (hora estándar de Colombia),Sun Aug 02 2026 00:00:00 GMT-0500 (hora estándar de Colombia),RETIRADA,,,,,,,,,,,1,CEDULA
431,979,1214,24,15,33,2,Wed Jul 29 2026 00:00:00 GMT-0500 (hora estándar de Colombia),,ACTIVA,971,570,,,,,,,,,1,CEDULA
432,980,1215,24,15,33,2,Wed Jul 29 2026 00:00:00 GMT-0500 (hora estándar de Colombia),Sun Aug 02 2026 00:00:00 GMT-0500 (hora estándar de Colombia),RETIRADA,,,,,,,,,,,1,CEDULA
433,981,1216,24,15,33,2,Wed Jul 29 2026 00:00:00 GMT-0500 (hora estándar de Colombia),Sun Aug 02 2026 00:00:00 GMT-0500 (hora estándar de Colombia),RETIRADA,,,,,,,,,,,1,CEDULA
434,982,1217,24,15,33,2,Wed Jul 29 2026 00:00:00 GMT-0500 (hora estándar de Colombia),Sun Aug 02 2026 00:00:00 GMT-0500 (hora estándar de Colombia),RETIRADA,,,,,,,,,,,1,CEDULA
435,983,1218,24,15,33,2,Wed Jul 29 2026 00:00:00 GMT-0500 (hora estándar de Colombia),,ACTIVA,972,571,,,,,,,,,1,CEDULA
436,984,1219,24,15,33,2,Wed Jul 29 2026 00:00:00 GMT-0500 (hora estándar de Colombia),Sun Aug 02 2026 00:00:00 GMT-0500 (hora estándar de Colombia),RETIRADA,,,,,,,,,,,1,CEDULA
437,985,1220,24,15,33,2,Wed Jul 29 2026 00:00:00 GMT-0500 (hora estándar de Colombia),,ACTIVA,973,573,,,,,,,,,1,CEDULA
438,986,1221,24,15,33,2,Wed Jul 29 2026 00:00:00 GMT-0500 (hora estándar de Colombia),Sun Aug 02 2026 00:00:00 GMT-0500 (hora estándar de Colombia),RETIRADA,,,,,,,,,,,1,CEDULA
439,987,1222,24,15,33,2,Wed Jul 29 2026 00:00:00 GMT-0500 (hora estándar de Colombia),,ACTIVA,974,574,,,,,,,,,1,CEDULA
440,988,1223,24,15,33,2,Wed Jul 29 2026 00:00:00 GMT-0500 (hora estándar de Colombia),,ACTIVA,975,571,,,,,,,,,1,CEDULA
441,989,1224,24,15,33,2,Wed Jul 29 2026 00:00:00 GMT-0500 (hora estándar de Colombia),,ACTIVA,976,569,,,,,,,,,1,CEDULA
442,990,1225,24,15,33,2,Wed Jul 29 2026 00:00:00 GMT-0500 (hora estándar de Colombia),Sun Aug 02 2026 00:00:00 GMT-0500 (hora estándar de Colombia),RETIRADA,,,,,,,,,,,1,CEDULA
443,991,1226,24,15,33,2,Wed Jul 29 2026 00:00:00 GMT-0500 (hora estándar de Colombia),Sun Aug 02 2026 00:00:00 GMT-0500 (hora estándar de Colombia),RETIRADA,,,,,,,,,,,1,CEDULA
444,992,1227,24,15,33,2,Wed Jul 29 2026 00:00:00 GMT-0500 (hora estándar de Colombia),,ACTIVA,977,574,,,,,,,,,1,CEDULA
445,993,1228,24,15,33,2,Wed Jul 29 2026 00:00:00 GMT-0500 (hora estándar de Colombia),Sun Aug 02 2026 00:00:00 GMT-0500 (hora estándar de Colombia),RETIRADA,,,,,,,,,,,1,CEDULA
446,994,1229,24,15,33,2,Wed Jul 29 2026 00:00:00 GMT-0500 (hora estándar de Colombia),Sun Aug 02 2026 00:00:00 GMT-0500 (hora estándar de Colombia),RETIRADA,,,,,,,,,,,1,CEDULA
447,995,1230,24,15,33,2,Wed Jul 29 2026 00:00:00 GMT-0500 (hora estándar de Colombia),,ACTIVA,978,572,,,,,,,,,1,CEDULA
448,996,1231,24,15,33,2,Wed Jul 29 2026 00:00:00 GMT-0500 (hora estándar de Colombia),,ACTIVA,979,572,,,,,,,,,1,CEDULA
449,997,1232,24,15,33,2,Wed Jul 29 2026 00:00:00 GMT-0500 (hora estándar de Colombia),,ACTIVA,980,573,,,,,,,,,1,CEDULA
450,998,1233,24,15,33,2,Wed Jul 29 2026 00:00:00 GMT-0500 (hora estándar de Colombia),,ACTIVA,981,575,,,,,,,,,1,CEDULA
451,999,1234,24,15,33,2,Wed Jul 29 2026 00:00:00 GMT-0500 (hora estándar de Colombia),Sun Aug 02 2026 00:00:00 GMT-0500 (hora estándar de Colombia),RETIRADA,,,,,,,,,,,1,CEDULA
452,1000,1235,24,15,33,2,Wed Jul 29 2026 00:00:00 GMT-0500 (hora estándar de Colombia),,ACTIVA,982,567,,,,,,,,,1,CEDULA
453,1001,1236,24,15,33,2,Wed Jul 29 2026 00:00:00 GMT-0500 (hora estándar de Colombia),Sun Aug 02 2026 00:00:00 GMT-0500 (hora estándar de Colombia),RETIRADA,,,,,,,,,,,1,CEDULA
454,1002,1237,24,15,33,2,Wed Jul 29 2026 00:00:00 GMT-0500 (hora estándar de Colombia),,ACTIVA,983,573,,,,,,,,,1,CEDULA
455,1003,1238,24,15,33,2,Wed Jul 29 2026 00:00:00 GMT-0500 (hora estándar de Colombia),,ACTIVA,984,570,,,,,,,,,1,CEDULA
456,1004,1239,24,15,33,2,Wed Jul 29 2026 00:00:00 GMT-0500 (hora estándar de Colombia),Sun Aug 02 2026 00:00:00 GMT-0500 (hora estándar de Colombia),RETIRADA,,,,,,,,,,,1,CEDULA
457,1005,1240,24,15,33,2,Wed Jul 29 2026 00:00:00 GMT-0500 (hora estándar de Colombia),,ACTIVA,985,603,,,,,,,,,1,CEDULA
458,1006,1241,24,15,33,2,Wed Jul 29 2026 00:00:00 GMT-0500 (hora estándar de Colombia),,ACTIVA,986,598,,,,,,,,,1,CEDULA
459,1007,1242,24,15,33,2,Wed Jul 29 2026 00:00:00 GMT-0500 (hora estándar de Colombia),,ACTIVA,987,607,,,,,,,,,1,CEDULA
460,1008,1243,24,15,33,2,Wed Jul 29 2026 00:00:00 GMT-0500 (hora estándar de Colombia),,ACTIVA,988,604,,,,,,,,,1,CEDULA
461,1009,1244,24,15,33,2,Wed Jul 29 2026 00:00:00 GMT-0500 (hora estándar de Colombia),,ACTIVA,989,586,,,,,,,,,1,CEDULA
462,1010,1245,24,15,33,2,Wed Jul 29 2026 00:00:00 GMT-0500 (hora estándar de Colombia),,ACTIVA,990,584,,,,,,,,,1,CEDULA
463,1011,1246,24,15,33,2,Wed Jul 29 2026 00:00:00 GMT-0500 (hora estándar de Colombia),,ACTIVA,991,603,,,,,,,,,1,CEDULA
464,1012,1247,24,15,33,2,Wed Jul 29 2026 00:00:00 GMT-0500 (hora estándar de Colombia),,ACTIVA,992,604,,,,,,,,,1,CEDULA
465,1013,1248,24,15,33,2,Wed Jul 29 2026 00:00:00 GMT-0500 (hora estándar de Colombia),,ACTIVA,993,597,,,,,,,,,1,CEDULA
466,1014,1249,24,15,33,2,Wed Jul 29 2026 00:00:00 GMT-0500 (hora estándar de Colombia),,ACTIVA,994,585,,,,,,,,,1,CEDULA
467,1015,1250,24,15,33,2,Wed Jul 29 2026 00:00:00 GMT-0500 (hora estándar de Colombia),,ACTIVA,995,598,,,,,,,,,1,CEDULA
468,1016,1251,24,15,33,2,Wed Jul 29 2026 00:00:00 GMT-0500 (hora estándar de Colombia),,ACTIVA,996,585,,,,,,,,,1,CEDULA
469,1017,1252,24,15,33,2,Wed Jul 29 2026 00:00:00 GMT-0500 (hora estándar de Colombia),,ACTIVA,997,586,,,,,,,,,1,CEDULA
470,1018,1253,24,15,33,2,Wed Jul 29 2026 00:00:00 GMT-0500 (hora estándar de Colombia),,ACTIVA,998,604,,,,,,,,,1,CEDULA
471,1019,1254,24,15,33,2,Wed Jul 29 2026 00:00:00 GMT-0500 (hora estándar de Colombia),,ACTIVA,999,595,,,,,,,,,1,CEDULA
472,1020,1255,24,15,33,2,Wed Jul 29 2026 00:00:00 GMT-0500 (hora estándar de Colombia),,ACTIVA,1000,577,,,,,,,,,1,CEDULA
473,1021,1256,24,15,33,2,Wed Jul 29 2026 00:00:00 GMT-0500 (hora estándar de Colombia),,ACTIVA,1001,578,,,,,,,,,1,CEDULA
474,1022,1257,24,15,33,2,Wed Jul 29 2026 00:00:00 GMT-0500 (hora estándar de Colombia),,ACTIVA,1002,607,,,,,,,,,1,CEDULA
475,1023,1258,24,15,33,2,Wed Jul 29 2026 00:00:00 GMT-0500 (hora estándar de Colombia),,ACTIVA,1003,586,,,,,,,,,1,CEDULA
476,1024,1259,24,15,33,2,Wed Jul 29 2026 00:00:00 GMT-0500 (hora estándar de Colombia),,ACTIVA,1004,578,,,,,,,,,1,CEDULA
477,1025,1260,24,15,33,2,Wed Jul 29 2026 00:00:00 GMT-0500 (hora estándar de Colombia),,ACTIVA,1005,607,,,,,,,,,1,CEDULA
478,1026,1261,24,15,33,2,Wed Jul 29 2026 00:00:00 GMT-0500 (hora estándar de Colombia),,ACTIVA,1006,598,,,,,,,,,1,CEDULA
479,1027,1262,24,15,33,2,Wed Jul 29 2026 00:00:00 GMT-0500 (hora estándar de Colombia),,ACTIVA,1007,603,,,,,,,,,1,CEDULA
480,1028,1263,24,15,33,2,Wed Jul 29 2026 00:00:00 GMT-0500 (hora estándar de Colombia),,ACTIVA,1008,607,,,,,,,,,1,CEDULA
481,1029,1264,24,15,33,2,Wed Jul 29 2026 00:00:00 GMT-0500 (hora estándar de Colombia),,ACTIVA,1009,634,,,,,,,,,1,CEDULA
482,1030,1265,24,15,33,2,Wed Jul 29 2026 00:00:00 GMT-0500 (hora estándar de Colombia),,ACTIVA,1010,632,,,,,,,,,1,CEDULA
483,1031,1266,24,15,33,2,Wed Jul 29 2026 00:00:00 GMT-0500 (hora estándar de Colombia),,ACTIVA,1011,635,,,,,,,,,1,CEDULA
484,1032,1267,24,15,33,2,Wed Jul 29 2026 00:00:00 GMT-0500 (hora estándar de Colombia),,ACTIVA,1012,639,,,,,,,,,1,CEDULA
485,1033,1268,24,15,33,2,Wed Jul 29 2026 00:00:00 GMT-0500 (hora estándar de Colombia),,ACTIVA,1013,637,,,,,,,,,1,CEDULA
486,1034,1269,24,15,33,2,Wed Jul 29 2026 00:00:00 GMT-0500 (hora estándar de Colombia),,ACTIVA,1014,642,,,,,,,,,1,CEDULA
487,1035,1270,24,15,33,2,Wed Jul 29 2026 00:00:00 GMT-0500 (hora estándar de Colombia),,ACTIVA,1015,627,,,,,,,,,1,CEDULA
488,1036,1271,24,15,33,2,Wed Jul 29 2026 00:00:00 GMT-0500 (hora estándar de Colombia),,ACTIVA,1016,612,,,,,,,,,1,CEDULA
489,1037,1272,24,15,33,2,Wed Jul 29 2026 00:00:00 GMT-0500 (hora estándar de Colombia),,ACTIVA,1017,627,,,,,,,,,1,CEDULA
490,1038,1273,24,15,33,2,Wed Jul 29 2026 00:00:00 GMT-0500 (hora estándar de Colombia),,ACTIVA,1018,630,,,,,,,,,1,CEDULA
491,1039,1274,24,15,33,2,Wed Jul 29 2026 00:00:00 GMT-0500 (hora estándar de Colombia),,ACTIVA,1019,634,,,,,,,,,1,CEDULA
492,1040,1275,24,15,33,2,Wed Jul 29 2026 00:00:00 GMT-0500 (hora estándar de Colombia),,ACTIVA,1020,612,,,,,,,,,1,CEDULA
493,1041,1276,24,15,33,2,Wed Jul 29 2026 00:00:00 GMT-0500 (hora estándar de Colombia),Sun Aug 02 2026 00:00:00 GMT-0500 (hora estándar de Colombia),RETIRADA,,,,,,,,,,,1,CEDULA
494,1042,1277,24,15,33,2,Wed Jul 29 2026 00:00:00 GMT-0500 (hora estándar de Colombia),,ACTIVA,1021,639,,,,,,,,,1,CEDULA
495,1043,1278,24,15,33,2,Wed Jul 29 2026 00:00:00 GMT-0500 (hora estándar de Colombia),,ACTIVA,1022,615,,,,,,,,,1,CEDULA
496,1044,1279,24,15,33,2,Wed Jul 29 2026 00:00:00 GMT-0500 (hora estándar de Colombia),,ACTIVA,1023,637,,,,,,,,,1,CEDULA
497,1045,1280,24,15,33,2,Wed Jul 29 2026 00:00:00 GMT-0500 (hora estándar de Colombia),,ACTIVA,1024,642,,,,,,,,,1,CEDULA
498,1046,1281,24,15,33,2,Wed Jul 29 2026 00:00:00 GMT-0500 (hora estándar de Colombia),,ACTIVA,1025,630,,,,,,,,,1,CEDULA
499,1047,1282,24,15,33,2,Wed Jul 29 2026 00:00:00 GMT-0500 (hora estándar de Colombia),,ACTIVA,1026,642,,,,,,,,,1,CEDULA
500,1048,1283,24,15,33,2,Wed Jul 29 2026 00:00:00 GMT-0500 (hora estándar de Colombia),,ACTIVA,1027,625,,,,,,,,,1,CEDULA
501,1049,1284,24,15,33,2,Wed Jul 29 2026 00:00:00 GMT-0500 (hora estándar de Colombia),,ACTIVA,1028,639,,,,,,,,,1,CEDULA
502,1050,1285,24,15,33,2,Wed Jul 29 2026 00:00:00 GMT-0500 (hora estándar de Colombia),,ACTIVA,1029,620,,,,,,,,,1,CEDULA
503,1051,1286,24,15,33,2,Wed Jul 29 2026 00:00:00 GMT-0500 (hora estándar de Colombia),,ACTIVA,1030,638,,,,,,,,,1,CEDULA
504,1052,1287,24,15,33,2,Wed Jul 29 2026 00:00:00 GMT-0500 (hora estándar de Colombia),,ACTIVA,1031,632,,,,,,,,,1,CEDULA
505,1053,1288,24,15,33,2,Wed Jul 29 2026 00:00:00 GMT-0500 (hora estándar de Colombia),,ACTIVA,1032,633,,,,,,,,,1,CEDULA
506,1054,1289,24,15,33,2,Wed Jul 29 2026 00:00:00 GMT-0500 (hora estándar de Colombia),,ACTIVA,1033,633,,,,,,,,,1,CEDULA
507,1055,1290,24,15,33,2,Wed Jul 29 2026 00:00:00 GMT-0500 (hora estándar de Colombia),,ACTIVA,1034,615,,,,,,,,,1,CEDULA
508,1056,1291,24,15,33,2,Wed Jul 29 2026 00:00:00 GMT-0500 (hora estándar de Colombia),,ACTIVA,1035,631,,,,,,,,,1,CEDULA
509,1057,1292,24,15,33,2,Wed Jul 29 2026 00:00:00 GMT-0500 (hora estándar de Colombia),Sun Aug 02 2026 00:00:00 GMT-0500 (hora estándar de Colombia),RETIRADA,,,,,,,,,,,1,CEDULA
510,1058,1293,24,15,33,2,Wed Jul 29 2026 00:00:00 GMT-0500 (hora estándar de Colombia),,ACTIVA,1036,613,,,,,,,,,1,CEDULA
511,1059,1294,24,15,33,2,Wed Jul 29 2026 00:00:00 GMT-0500 (hora estándar de Colombia),,ACTIVA,1037,632,,,,,,,,,1,CEDULA
512,1060,1295,24,15,33,2,Wed Jul 29 2026 00:00:00 GMT-0500 (hora estándar de Colombia),,ACTIVA,1038,640,,,,,,,,,1,CEDULA
513,1061,1296,24,15,33,2,Wed Jul 29 2026 00:00:00 GMT-0500 (hora estándar de Colombia),,ACTIVA,1039,637,,,,,,,,,1,CEDULA
514,1062,1297,24,15,33,2,Wed Jul 29 2026 00:00:00 GMT-0500 (hora estándar de Colombia),,ACTIVA,1040,632,,,,,,,,,1,CEDULA
515,1063,1298,24,15,33,2,Wed Jul 29 2026 00:00:00 GMT-0500 (hora estándar de Colombia),,ACTIVA,1041,634,,,,,,,,,1,CEDULA
516,1064,1299,24,15,33,2,Wed Jul 29 2026 00:00:00 GMT-0500 (hora estándar de Colombia),,ACTIVA,1042,637,,,,,,,,,1,CEDULA
517,1065,1300,24,15,33,2,Wed Jul 29 2026 00:00:00 GMT-0500 (hora estándar de Colombia),,ACTIVA,1043,630,,,,,,,,,1,CEDULA
518,1066,1301,24,15,33,2,Wed Jul 29 2026 00:00:00 GMT-0500 (hora estándar de Colombia),,ACTIVA,1044,636,,,,,8,1042205.00,Wed Jul 29 2026 00:00:00 GMT-0500 (hora estándar de Colombia),,1,CEDULA
519,1067,1302,24,15,33,2,Wed Jul 29 2026 00:00:00 GMT-0500 (hora estándar de Colombia),,ACTIVA,1045,617,,,,,,,,,1,CEDULA
520,1068,1303,24,15,33,2,Wed Jul 29 2026 00:00:00 GMT-0500 (hora estándar de Colombia),,ACTIVA,1046,620,,,,,,,,,1,CEDULA
521,1069,1304,24,15,33,2,Wed Jul 29 2026 00:00:00 GMT-0500 (hora estándar de Colombia),Sun Aug 02 2026 00:00:00 GMT-0500 (hora estándar de Colombia),RETIRADA,,,,,,,,,,,1,CEDULA
522,1070,1305,24,15,33,2,Wed Jul 29 2026 00:00:00 GMT-0500 (hora estándar de Colombia),,ACTIVA,1047,639,,,,,,,,,1,CEDULA
523,118,1306,24,15,33,2,Wed Jul 29 2026 00:00:00 GMT-0500 (hora estándar de Colombia),,ACTIVA,1048,664,,,,,,,,,1,CEDULA
524,119,1307,24,15,33,2,Wed Jul 29 2026 00:00:00 GMT-0500 (hora estándar de Colombia),,ACTIVA,1049,665,,,,,,,,,1,CEDULA
525,1071,1308,24,15,33,2,Wed Jul 29 2026 00:00:00 GMT-0500 (hora estándar de Colombia),,ACTIVA,1050,655,,,,,,,,,1,CEDULA
526,120,1309,24,15,33,2,Wed Jul 29 2026 00:00:00 GMT-0500 (hora estándar de Colombia),,ACTIVA,1051,665,,,,,,,,,1,CEDULA
527,121,1310,24,15,33,2,Wed Jul 29 2026 00:00:00 GMT-0500 (hora estándar de Colombia),,ACTIVA,1052,655,,,,,,,,,1,CEDULA
528,122,1311,24,15,33,2,Wed Jul 29 2026 00:00:00 GMT-0500 (hora estándar de Colombia),,ACTIVA,1053,667,,,,,,,,,1,CEDULA
529,123,1312,24,15,33,2,Wed Jul 29 2026 00:00:00 GMT-0500 (hora estándar de Colombia),,ACTIVA,1054,653,,,,,,,,,1,CEDULA
530,125,1313,24,15,33,2,Wed Jul 29 2026 00:00:00 GMT-0500 (hora estándar de Colombia),,ACTIVA,1055,655,,,,,,,,,1,CEDULA
531,126,1314,24,15,33,2,Wed Jul 29 2026 00:00:00 GMT-0500 (hora estándar de Colombia),,ACTIVA,1056,665,,,,,,,,,1,CEDULA
532,127,1315,24,15,33,2,Wed Jul 29 2026 00:00:00 GMT-0500 (hora estándar de Colombia),,ACTIVA,1057,643,,,,,,,,,1,CEDULA
533,128,1316,24,15,33,2,Wed Jul 29 2026 00:00:00 GMT-0500 (hora estándar de Colombia),,ACTIVA,1058,663,,,,,,,,,1,CEDULA
534,129,1317,24,15,33,2,Wed Jul 29 2026 00:00:00 GMT-0500 (hora estándar de Colombia),,ACTIVA,1059,663,,,,,,,,,1,CEDULA
535,130,1318,24,15,33,2,Wed Jul 29 2026 00:00:00 GMT-0500 (hora estándar de Colombia),,ACTIVA,1060,664,,,,,,,,,1,CEDULA
536,131,1319,24,15,33,2,Wed Jul 29 2026 00:00:00 GMT-0500 (hora estándar de Colombia),,ACTIVA,1061,666,,,,,,,,,1,CEDULA
537,132,1320,24,15,33,2,Wed Jul 29 2026 00:00:00 GMT-0500 (hora estándar de Colombia),,ACTIVA,1062,645,,,,,,,,,1,CEDULA
538,133,1321,24,15,33,2,Wed Jul 29 2026 00:00:00 GMT-0500 (hora estándar de Colombia),,ACTIVA,1063,663,,,,,,,,,1,CEDULA
539,134,1322,24,15,33,2,Wed Jul 29 2026 00:00:00 GMT-0500 (hora estándar de Colombia),,ACTIVA,1064,667,,,,,,,,,1,CEDULA
540,135,1323,24,15,33,2,Wed Jul 29 2026 00:00:00 GMT-0500 (hora estándar de Colombia),,ACTIVA,1065,664,,,,,,,,,1,CEDULA
541,136,1324,24,15,33,2,Wed Jul 29 2026 00:00:00 GMT-0500 (hora estándar de Colombia),,ACTIVA,1066,644,,,,,,,,,1,CEDULA
542,138,1325,24,15,33,2,Wed Jul 29 2026 00:00:00 GMT-0500 (hora estándar de Colombia),,ACTIVA,1067,664,,,,,,,,,1,CEDULA
543,139,1326,24,15,33,2,Wed Jul 29 2026 00:00:00 GMT-0500 (hora estándar de Colombia),,ACTIVA,1068,664,,,,,,,,,1,CEDULA
544,140,1327,24,15,33,2,Wed Jul 29 2026 00:00:00 GMT-0500 (hora estándar de Colombia),,ACTIVA,1069,648,,,,,,,,,1,CEDULA
545,1072,1328,24,15,33,2,Wed Jul 29 2026 00:00:00 GMT-0500 (hora estándar de Colombia),,ACTIVA,1070,687,,,,,,,,,1,CEDULA
546,1073,1329,24,15,33,2,Wed Jul 29 2026 00:00:00 GMT-0500 (hora estándar de Colombia),,ACTIVA,1071,682,,,,,,,,,1,CEDULA
547,1074,1330,24,15,33,2,Wed Jul 29 2026 00:00:00 GMT-0500 (hora estándar de Colombia),,ACTIVA,1072,684,,,,,,,,,1,CEDULA
548,1075,1331,24,15,33,2,Wed Jul 29 2026 00:00:00 GMT-0500 (hora estándar de Colombia),,ACTIVA,1073,682,,,,,,,,,1,CEDULA
549,1076,1332,24,15,33,2,Wed Jul 29 2026 00:00:00 GMT-0500 (hora estándar de Colombia),,ACTIVA,1074,686,,,,,,,,,1,CEDULA
550,1077,1333,24,15,33,2,Wed Jul 29 2026 00:00:00 GMT-0500 (hora estándar de Colombia),,ACTIVA,1075,687,,,,,,,,,1,CEDULA
551,1078,1334,24,15,33,2,Wed Jul 29 2026 00:00:00 GMT-0500 (hora estándar de Colombia),,ACTIVA,1076,687,,,,,,,,,1,CEDULA
552,1079,1335,24,15,33,2,Wed Jul 29 2026 00:00:00 GMT-0500 (hora estándar de Colombia),,ACTIVA,1077,683,,,,,,,,,1,CEDULA
553,1080,1336,24,15,33,2,Wed Jul 29 2026 00:00:00 GMT-0500 (hora estándar de Colombia),,ACTIVA,1078,687,,,,,,,,,1,CEDULA
554,1081,1337,24,15,33,2,Wed Jul 29 2026 00:00:00 GMT-0500 (hora estándar de Colombia),,ACTIVA,1079,684,,,,,,,,,1,CEDULA
555,1082,1338,24,15,33,2,Wed Jul 29 2026 00:00:00 GMT-0500 (hora estándar de Colombia),,ACTIVA,1080,686,,,,,,,,,1,CEDULA
556,1083,1339,24,15,33,2,Wed Jul 29 2026 00:00:00 GMT-0500 (hora estándar de Colombia),,ACTIVA,1081,684,,,,,,,,,1,CEDULA
557,1084,1340,24,15,33,2,Wed Jul 29 2026 00:00:00 GMT-0500 (hora estándar de Colombia),,ACTIVA,1082,684,,,,,,,,,1,CEDULA
558,1085,1341,24,15,33,2,Wed Jul 29 2026 00:00:00 GMT-0500 (hora estándar de Colombia),,ACTIVA,1083,684,,,,,,,,,1,CEDULA
559,1086,1342,24,15,33,2,Wed Jul 29 2026 00:00:00 GMT-0500 (hora estándar de Colombia),,ACTIVA,1084,682,,,,,,,,,1,CEDULA
560,1087,1343,24,15,33,2,Wed Jul 29 2026 00:00:00 GMT-0500 (hora estándar de Colombia),,ACTIVA,1085,688,,,,,,,,,1,CEDULA
561,1088,1344,24,15,33,2,Wed Jul 29 2026 00:00:00 GMT-0500 (hora estándar de Colombia),,ACTIVA,1086,689,,,,,,,,,1,CEDULA
562,1089,1345,24,15,33,2,Wed Jul 29 2026 00:00:00 GMT-0500 (hora estándar de Colombia),,ACTIVA,1087,688,,,,,,,,,1,CEDULA
563,1090,1346,24,15,33,2,Wed Jul 29 2026 00:00:00 GMT-0500 (hora estándar de Colombia),,ACTIVA,1088,690,,,,,,,,,1,CEDULA
564,1091,1347,24,15,33,2,Wed Jul 29 2026 00:00:00 GMT-0500 (hora estándar de Colombia),,ACTIVA,1089,689,,,,,,,,,1,CEDULA
565,1092,1348,24,15,33,2,Wed Jul 29 2026 00:00:00 GMT-0500 (hora estándar de Colombia),,ACTIVA,1090,691,,,,,,,,,1,CEDULA
566,1093,1349,24,15,33,2,Wed Jul 29 2026 00:00:00 GMT-0500 (hora estándar de Colombia),,ACTIVA,1091,690,,,,,,,,,1,CEDULA
567,1094,1350,24,15,33,2,Wed Jul 29 2026 00:00:00 GMT-0500 (hora estándar de Colombia),,ACTIVA,1092,688,,,,,,,,,1,CEDULA
568,1095,1351,24,15,33,2,Wed Jul 29 2026 00:00:00 GMT-0500 (hora estándar de Colombia),,ACTIVA,1093,691,,,,,,,,,1,CEDULA
569,1096,1352,24,15,33,2,Wed Jul 29 2026 00:00:00 GMT-0500 (hora estándar de Colombia),,ACTIVA,1094,691,,,,,,,,,1,CEDULA
570,1097,1353,24,15,33,2,Wed Jul 29 2026 00:00:00 GMT-0500 (hora estándar de Colombia),,ACTIVA,1095,688,,,,,,,,,1,CEDULA
571,1098,1354,24,15,33,2,Wed Jul 29 2026 00:00:00 GMT-0500 (hora estándar de Colombia),,ACTIVA,1096,700,,,178,1,,,,,1,CEDULA
572,141,1355,24,15,33,2,Wed Jul 29 2026 00:00:00 GMT-0500 (hora estándar de Colombia),,ACTIVA,1097,704,,,179,1,,,,,1,CEDULA
573,142,1356,24,15,33,2,Wed Jul 29 2026 00:00:00 GMT-0500 (hora estándar de Colombia),,ACTIVA,1098,693,,,,,,,,,1,CEDULA
574,143,1357,24,15,33,2,Wed Jul 29 2026 00:00:00 GMT-0500 (hora estándar de Colombia),,ACTIVA,1099,692,,,180,1,,,,,1,CEDULA
575,144,1358,24,15,33,2,Wed Jul 29 2026 00:00:00 GMT-0500 (hora estándar de Colombia),,ACTIVA,1100,701,,,181,1,,,,,1,CEDULA
576,145,1359,24,15,33,2,Wed Jul 29 2026 00:00:00 GMT-0500 (hora estándar de Colombia),,ACTIVA,1101,704,,,,,,,,,1,CEDULA
577,146,1360,24,15,33,2,Wed Jul 29 2026 00:00:00 GMT-0500 (hora estándar de Colombia),,ACTIVA,1102,703,,,,,,,,,1,CEDULA
578,147,1361,24,15,33,2,Wed Jul 29 2026 00:00:00 GMT-0500 (hora estándar de Colombia),,ACTIVA,1103,701,,,182,1,,,,,1,CEDULA
579,148,1362,24,15,33,2,Wed Jul 29 2026 00:00:00 GMT-0500 (hora estándar de Colombia),,ACTIVA,1104,703,,,183,1,,,,,1,CEDULA
580,149,1363,24,15,33,2,Wed Jul 29 2026 00:00:00 GMT-0500 (hora estándar de Colombia),,ACTIVA,1105,704,,,184,1,,,,,1,CEDULA
581,150,1364,24,15,33,2,Wed Jul 29 2026 00:00:00 GMT-0500 (hora estándar de Colombia),,ACTIVA,1106,703,,,185,1,,,,,1,CEDULA
582,151,1365,24,15,33,2,Wed Jul 29 2026 00:00:00 GMT-0500 (hora estándar de Colombia),,ACTIVA,1107,702,,,,,,,,,1,CEDULA
583,152,1366,24,15,33,2,Wed Jul 29 2026 00:00:00 GMT-0500 (hora estándar de Colombia),,ACTIVA,1108,697,,,,,,,,,1,CEDULA
584,153,1367,24,15,33,2,Wed Jul 29 2026 00:00:00 GMT-0500 (hora estándar de Colombia),,ACTIVA,1109,703,,,186,1,,,,,1,CEDULA
585,1099,1368,24,15,33,2,Wed Jul 29 2026 00:00:00 GMT-0500 (hora estándar de Colombia),,ACTIVA,1110,700,,,,,,,,,1,CEDULA
586,154,1369,24,15,33,2,Wed Jul 29 2026 00:00:00 GMT-0500 (hora estándar de Colombia),,ACTIVA,1111,701,,,187,1,,,,,1,CEDULA
587,155,1370,24,15,33,2,Wed Jul 29 2026 00:00:00 GMT-0500 (hora estándar de Colombia),,ACTIVA,1112,701,,,188,1,,,,,1,CEDULA
588,1100,1371,24,15,33,2,Wed Jul 29 2026 00:00:00 GMT-0500 (hora estándar de Colombia),,ACTIVA,1113,708,,,,,,,,,1,CEDULA
589,1101,1372,24,15,33,2,Wed Jul 29 2026 00:00:00 GMT-0500 (hora estándar de Colombia),,ACTIVA,1114,707,,,,,,,,,1,CEDULA
590,1102,1373,24,15,33,2,Wed Jul 29 2026 00:00:00 GMT-0500 (hora estándar de Colombia),,ACTIVA,1115,708,,,,,,,,,1,CEDULA
591,156,1374,24,15,33,2,Wed Jul 29 2026 00:00:00 GMT-0500 (hora estándar de Colombia),,ACTIVA,1116,714,,,,,,,,,1,CEDULA
592,157,1375,24,15,33,2,Wed Jul 29 2026 00:00:00 GMT-0500 (hora estándar de Colombia),,ACTIVA,1117,714,,,,,,,,,1,CEDULA
593,158,1376,24,15,33,2,Wed Jul 29 2026 00:00:00 GMT-0500 (hora estándar de Colombia),,ACTIVA,1118,714,,,,,,,,,1,CEDULA
594,159,1377,24,15,33,2,Wed Jul 29 2026 00:00:00 GMT-0500 (hora estándar de Colombia),,ACTIVA,1119,712,,,,,,,,,1,CEDULA
595,160,1378,24,15,33,2,Wed Jul 29 2026 00:00:00 GMT-0500 (hora estándar de Colombia),,ACTIVA,1120,714,,,,,,,,,1,CEDULA
596,161,1379,24,15,33,2,Wed Jul 29 2026 00:00:00 GMT-0500 (hora estándar de Colombia),,ACTIVA,1121,712,,,,,,,,,1,CEDULA
597,162,1380,24,15,33,2,Wed Jul 29 2026 00:00:00 GMT-0500 (hora estándar de Colombia),,ACTIVA,1122,732,,,189,1,,,,,1,CEDULA
598,163,1381,24,15,33,2,Wed Jul 29 2026 00:00:00 GMT-0500 (hora estándar de Colombia),,ACTIVA,1123,721,,,190,1,,,,,1,CEDULA
599,164,1382,24,15,33,2,Wed Jul 29 2026 00:00:00 GMT-0500 (hora estándar de Colombia),,ACTIVA,1124,731,,,191,1,,,,,1,CEDULA
600,165,1383,24,15,33,2,Wed Jul 29 2026 00:00:00 GMT-0500 (hora estándar de Colombia),,ACTIVA,1125,717,,,,,,,,,1,CEDULA
601,166,1384,24,15,33,2,Wed Jul 29 2026 00:00:00 GMT-0500 (hora estándar de Colombia),,ACTIVA,1126,734,,,192,1,,,,,1,CEDULA
602,167,1385,24,15,33,2,Wed Jul 29 2026 00:00:00 GMT-0500 (hora estándar de Colombia),,ACTIVA,1127,719,,,193,1,,,,,1,CEDULA
603,168,1386,24,15,33,2,Wed Jul 29 2026 00:00:00 GMT-0500 (hora estándar de Colombia),,ACTIVA,1128,734,,,194,1,,,,,1,CEDULA
604,169,1387,24,15,33,2,Wed Jul 29 2026 00:00:00 GMT-0500 (hora estándar de Colombia),,ACTIVA,1129,729,,,,,,,,,1,CEDULA
605,170,1388,24,15,33,2,Wed Jul 29 2026 00:00:00 GMT-0500 (hora estándar de Colombia),,ACTIVA,1130,731,,,,,,,,,1,CEDULA
606,171,1389,24,15,33,2,Wed Jul 29 2026 00:00:00 GMT-0500 (hora estándar de Colombia),,ACTIVA,1131,731,,,,,,,,,1,CEDULA
607,172,1390,24,15,33,2,Wed Jul 29 2026 00:00:00 GMT-0500 (hora estándar de Colombia),,ACTIVA,1132,731,,,,,,,,,1,CEDULA
608,173,1391,24,15,33,2,Wed Jul 29 2026 00:00:00 GMT-0500 (hora estándar de Colombia),,ACTIVA,1133,731,,,195,1,,,,,1,CEDULA
609,175,1392,24,15,33,2,Wed Jul 29 2026 00:00:00 GMT-0500 (hora estándar de Colombia),,ACTIVA,1134,716,,,,,,,,,1,CEDULA
610,176,1393,24,15,33,2,Wed Jul 29 2026 00:00:00 GMT-0500 (hora estándar de Colombia),,ACTIVA,1135,731,,,196,1,,,,,1,CEDULA
611,177,1394,24,15,33,2,Wed Jul 29 2026 00:00:00 GMT-0500 (hora estándar de Colombia),,ACTIVA,1136,723,,,,,,,,,1,CEDULA
612,178,1395,24,15,33,2,Wed Jul 29 2026 00:00:00 GMT-0500 (hora estándar de Colombia),,ACTIVA,1137,731,,,,,,,,,1,CEDULA
613,179,1396,24,15,33,2,Wed Jul 29 2026 00:00:00 GMT-0500 (hora estándar de Colombia),,ACTIVA,1138,731,,,197,1,,,,,1,CEDULA
614,181,1397,24,15,33,2,Wed Jul 29 2026 00:00:00 GMT-0500 (hora estándar de Colombia),,ACTIVA,1139,723,,,,,,,,,1,CEDULA
615,182,1398,24,15,33,2,Wed Jul 29 2026 00:00:00 GMT-0500 (hora estándar de Colombia),,ACTIVA,1140,734,,,,,,,,,1,CEDULA
616,183,1399,24,15,33,2,Wed Jul 29 2026 00:00:00 GMT-0500 (hora estándar de Colombia),,ACTIVA,1141,731,,,,,,,,,1,CEDULA
617,1103,1400,24,15,33,2,Wed Jul 29 2026 00:00:00 GMT-0500 (hora estándar de Colombia),,ACTIVA,1142,722,,,,,,,,,1,CEDULA
618,184,1401,24,15,33,2,Wed Jul 29 2026 00:00:00 GMT-0500 (hora estándar de Colombia),,ACTIVA,1143,730,,,,,,,,,1,CEDULA
619,185,1402,24,15,33,2,Wed Jul 29 2026 00:00:00 GMT-0500 (hora estándar de Colombia),,ACTIVA,1144,733,,,198,1,,,,,1,CEDULA
620,186,1403,24,15,33,2,Wed Jul 29 2026 00:00:00 GMT-0500 (hora estándar de Colombia),,ACTIVA,1145,721,,,,,,,,,1,CEDULA
621,188,1404,24,15,33,2,Wed Jul 29 2026 00:00:00 GMT-0500 (hora estándar de Colombia),,ACTIVA,1146,735,,,,,,,,,1,CEDULA
622,189,1405,24,15,33,2,Wed Jul 29 2026 00:00:00 GMT-0500 (hora estándar de Colombia),,ACTIVA,1147,716,,,,,,,,,1,CEDULA
623,190,1406,24,15,33,2,Wed Jul 29 2026 00:00:00 GMT-0500 (hora estándar de Colombia),,ACTIVA,1148,720,,,199,1,,,,,1,CEDULA
624,191,1407,24,15,33,2,Wed Jul 29 2026 00:00:00 GMT-0500 (hora estándar de Colombia),,ACTIVA,1149,731,,,,,,,,,1,CEDULA
625,192,1408,24,15,33,2,Wed Jul 29 2026 00:00:00 GMT-0500 (hora estándar de Colombia),,ACTIVA,1150,730,,,,,,,,,1,CEDULA
626,194,1409,24,15,33,2,Wed Jul 29 2026 00:00:00 GMT-0500 (hora estándar de Colombia),,ACTIVA,1151,718,,,200,1,,,,,1,CEDULA
627,195,1410,24,15,33,2,Wed Jul 29 2026 00:00:00 GMT-0500 (hora estándar de Colombia),,ACTIVA,1152,723,,,201,1,,,,,1,CEDULA
628,1104,1411,24,15,33,2,Wed Jul 29 2026 00:00:00 GMT-0500 (hora estándar de Colombia),,ACTIVA,1153,783,,,,,,,,,1,CEDULA
629,1105,1412,24,15,33,2,Wed Jul 29 2026 00:00:00 GMT-0500 (hora estándar de Colombia),,ACTIVA,1154,736,,,,,,,,,1,CEDULA
630,1106,1413,24,15,33,2,Wed Jul 29 2026 00:00:00 GMT-0500 (hora estándar de Colombia),,ACTIVA,1155,769,,,,,,,,,1,CEDULA
631,1107,1414,24,15,33,2,Wed Jul 29 2026 00:00:00 GMT-0500 (hora estándar de Colombia),,ACTIVA,1156,752,,,,,,,,,1,CEDULA
632,1108,1415,24,15,33,2,Wed Jul 29 2026 00:00:00 GMT-0500 (hora estándar de Colombia),,ACTIVA,1157,770,,,,,,,,,1,CEDULA
633,1109,1416,24,15,33,2,Wed Jul 29 2026 00:00:00 GMT-0500 (hora estándar de Colombia),,ACTIVA,1158,762,,,,,,,,,1,CEDULA
634,1110,1417,24,15,33,2,Wed Jul 29 2026 00:00:00 GMT-0500 (hora estándar de Colombia),,ACTIVA,1159,747,,,,,,,,,1,CEDULA
635,1111,1418,24,15,33,2,Wed Jul 29 2026 00:00:00 GMT-0500 (hora estándar de Colombia),,ACTIVA,1160,736,,,,,,,,,1,CEDULA
636,1112,1419,24,15,33,2,Wed Jul 29 2026 00:00:00 GMT-0500 (hora estándar de Colombia),,ACTIVA,1161,769,,,,,,,,,1,CEDULA
637,1113,1420,24,15,33,2,Wed Jul 29 2026 00:00:00 GMT-0500 (hora estándar de Colombia),,ACTIVA,1162,756,,,,,,,,,1,CEDULA
638,1114,1421,24,15,33,2,Wed Jul 29 2026 00:00:00 GMT-0500 (hora estándar de Colombia),,ACTIVA,1163,777,,,,,,,,,1,CEDULA
639,1115,1422,24,15,33,2,Wed Jul 29 2026 00:00:00 GMT-0500 (hora estándar de Colombia),,ACTIVA,1164,744,,,,,,,,,1,CEDULA
640,1116,1423,24,15,33,2,Wed Jul 29 2026 00:00:00 GMT-0500 (hora estándar de Colombia),,ACTIVA,1165,770,,,,,,,,,1,CEDULA
641,1117,1424,24,15,33,2,Wed Jul 29 2026 00:00:00 GMT-0500 (hora estándar de Colombia),,ACTIVA,1166,756,,,,,,,,,1,CEDULA
642,1118,1425,24,15,33,2,Wed Jul 29 2026 00:00:00 GMT-0500 (hora estándar de Colombia),,ACTIVA,1167,770,,,,,,,,,1,CEDULA
643,1119,1426,24,15,33,2,Wed Jul 29 2026 00:00:00 GMT-0500 (hora estándar de Colombia),,ACTIVA,1168,769,,,,,,,,,1,CEDULA
644,1120,1427,24,15,33,2,Wed Jul 29 2026 00:00:00 GMT-0500 (hora estándar de Colombia),,ACTIVA,1169,739,,,,,,,,,1,CEDULA
645,1121,1428,24,15,33,2,Wed Jul 29 2026 00:00:00 GMT-0500 (hora estándar de Colombia),,ACTIVA,1170,770,,,,,,,,,1,CEDULA
646,1122,1429,24,15,33,2,Wed Jul 29 2026 00:00:00 GMT-0500 (hora estándar de Colombia),,ACTIVA,1171,777,,,,,,,,,1,CEDULA
647,1123,1430,24,15,33,2,Wed Jul 29 2026 00:00:00 GMT-0500 (hora estándar de Colombia),,ACTIVA,1172,780,,,,,,,,,1,CEDULA
648,1124,1431,24,15,33,2,Wed Jul 29 2026 00:00:00 GMT-0500 (hora estándar de Colombia),,ACTIVA,1173,761,,,,,,,,,1,CEDULA
649,1125,1432,24,15,33,2,Wed Jul 29 2026 00:00:00 GMT-0500 (hora estándar de Colombia),,ACTIVA,1174,777,,,,,,,,,1,CEDULA
650,1126,1433,24,15,33,2,Wed Jul 29 2026 00:00:00 GMT-0500 (hora estándar de Colombia),,ACTIVA,1175,743,,,,,,,,,1,CEDULA
651,1127,1434,24,15,33,2,Wed Jul 29 2026 00:00:00 GMT-0500 (hora estándar de Colombia),,ACTIVA,1176,737,,,,,,,,,1,CEDULA
652,1128,1435,24,15,33,2,Wed Jul 29 2026 00:00:00 GMT-0500 (hora estándar de Colombia),,ACTIVA,1177,746,,,,,,,,,1,CEDULA
653,1129,1436,24,15,33,2,Wed Jul 29 2026 00:00:00 GMT-0500 (hora estándar de Colombia),,ACTIVA,1178,775,,,,,,,,,1,CEDULA
654,1130,1437,24,15,33,2,Wed Jul 29 2026 00:00:00 GMT-0500 (hora estándar de Colombia),,ACTIVA,1179,776,,,,,,,,,1,CEDULA
655,197,1438,24,15,33,2,Wed Jul 29 2026 00:00:00 GMT-0500 (hora estándar de Colombia),,ACTIVA,1180,801,,,202,1,,,,,1,CEDULA
656,198,1439,24,15,33,2,Wed Jul 29 2026 00:00:00 GMT-0500 (hora estándar de Colombia),,ACTIVA,1181,797,,,203,1,,,,,1,CEDULA
657,199,1440,24,15,33,2,Wed Jul 29 2026 00:00:00 GMT-0500 (hora estándar de Colombia),,ACTIVA,1182,798,,,,,,,,,1,CEDULA
658,200,1441,24,15,33,2,Wed Jul 29 2026 00:00:00 GMT-0500 (hora estándar de Colombia),,ACTIVA,1183,816,,,204,1,,,,,1,CEDULA
659,201,1442,24,15,33,2,Wed Jul 29 2026 00:00:00 GMT-0500 (hora estándar de Colombia),,ACTIVA,1184,815,,,205,1,,,,,1,CEDULA
660,202,1443,24,15,33,2,Wed Jul 29 2026 00:00:00 GMT-0500 (hora estándar de Colombia),,ACTIVA,1185,815,,,,,,,,,1,CEDULA
661,203,1444,24,15,33,2,Wed Jul 29 2026 00:00:00 GMT-0500 (hora estándar de Colombia),,ACTIVA,1186,814,,,206,1,,,,,1,CEDULA
662,204,1445,24,15,33,2,Wed Jul 29 2026 00:00:00 GMT-0500 (hora estándar de Colombia),,ACTIVA,1187,800,,,,,,,,,1,CEDULA
663,205,1446,24,15,33,2,Wed Jul 29 2026 00:00:00 GMT-0500 (hora estándar de Colombia),,ACTIVA,1188,802,,,,,,,,,1,CEDULA
664,1131,1447,24,15,33,2,Wed Jul 29 2026 00:00:00 GMT-0500 (hora estándar de Colombia),,ACTIVA,1189,816,,,,,,,,,1,CEDULA
665,1132,1448,24,15,33,2,Wed Jul 29 2026 00:00:00 GMT-0500 (hora estándar de Colombia),,ACTIVA,1190,815,,,,,,,,,1,CEDULA
666,1133,1449,24,15,33,2,Wed Jul 29 2026 00:00:00 GMT-0500 (hora estándar de Colombia),,ACTIVA,1191,800,,,,,,,,,1,CEDULA
667,206,1450,24,15,33,2,Wed Jul 29 2026 00:00:00 GMT-0500 (hora estándar de Colombia),,ACTIVA,1192,809,,,207,1,,,,,1,CEDULA
668,208,1451,24,15,33,2,Wed Jul 29 2026 00:00:00 GMT-0500 (hora estándar de Colombia),,ACTIVA,1193,797,,,208,1,,,,,1,CEDULA
669,209,1452,24,15,33,2,Wed Jul 29 2026 00:00:00 GMT-0500 (hora estándar de Colombia),,ACTIVA,1194,808,,,209,1,,,,,1,CEDULA
670,210,1453,24,15,33,2,Wed Jul 29 2026 00:00:00 GMT-0500 (hora estándar de Colombia),,ACTIVA,1195,803,,,,,,,,,1,CEDULA
671,211,1454,24,15,33,2,Wed Jul 29 2026 00:00:00 GMT-0500 (hora estándar de Colombia),,ACTIVA,1196,802,,,210,1,,,,,1,CEDULA
672,212,1455,24,15,33,2,Wed Jul 29 2026 00:00:00 GMT-0500 (hora estándar de Colombia),,ACTIVA,1197,797,,,211,1,,,,,1,CEDULA
673,213,1456,24,15,33,2,Wed Jul 29 2026 00:00:00 GMT-0500 (hora estándar de Colombia),,ACTIVA,1198,830,,,,,,,,,1,CEDULA
674,214,1457,24,15,33,2,Wed Jul 29 2026 00:00:00 GMT-0500 (hora estándar de Colombia),,ACTIVA,1199,804,,,212,1,,,,,1,CEDULA
675,215,1458,24,15,33,2,Wed Jul 29 2026 00:00:00 GMT-0500 (hora estándar de Colombia),,ACTIVA,1200,803,,,213,1,,,,,1,CEDULA
676,216,1459,24,15,33,2,Wed Jul 29 2026 00:00:00 GMT-0500 (hora estándar de Colombia),,ACTIVA,1201,802,,,214,1,,,,,1,CEDULA
677,217,1460,24,15,33,2,Wed Jul 29 2026 00:00:00 GMT-0500 (hora estándar de Colombia),,ACTIVA,1202,803,,,215,1,,,,,1,CEDULA
678,1134,1461,24,15,33,1,Wed Jul 29 2026 00:00:00 GMT-0500 (hora estándar de Colombia),Mon Nov 30 2026 00:00:00 GMT-0500 (hora estándar de Colombia),ACTIVA,1203,829,,,,,,,,,1,CEDULA
679,219,1462,24,15,33,2,Wed Jul 29 2026 00:00:00 GMT-0500 (hora estándar de Colombia),,ACTIVA,1204,804,,,216,1,,,,,1,CEDULA
680,220,1463,24,15,33,2,Wed Jul 29 2026 00:00:00 GMT-0500 (hora estándar de Colombia),,ACTIVA,1205,833,,,217,1,,,,,1,CEDULA
681,221,1464,24,15,33,2,Wed Jul 29 2026 00:00:00 GMT-0500 (hora estándar de Colombia),,ACTIVA,1206,808,,,,,,,,,1,CEDULA
682,222,1465,24,15,33,2,Wed Jul 29 2026 00:00:00 GMT-0500 (hora estándar de Colombia),,ACTIVA,1207,816,,,218,1,,,,,1,CEDULA
683,1135,1466,24,15,33,2,Wed Jul 29 2026 00:00:00 GMT-0500 (hora estándar de Colombia),,ACTIVA,1208,809,,,,,,,,,1,CEDULA
684,1136,1467,24,15,33,2,Wed Jul 29 2026 00:00:00 GMT-0500 (hora estándar de Colombia),,ACTIVA,1209,833,,,,,,,,,1,CEDULA
685,1137,1468,24,15,33,2,Wed Jul 29 2026 00:00:00 GMT-0500 (hora estándar de Colombia),,ACTIVA,1210,812,,,,,,,,,1,CEDULA
686,223,1469,24,15,33,2,Wed Jul 29 2026 00:00:00 GMT-0500 (hora estándar de Colombia),,ACTIVA,1211,829,,,,,,,,,1,CEDULA
687,224,1470,24,15,33,2,Wed Jul 29 2026 00:00:00 GMT-0500 (hora estándar de Colombia),,ACTIVA,1212,829,,,,,,,,,1,CEDULA
688,225,1471,24,15,33,2,Wed Jul 29 2026 00:00:00 GMT-0500 (hora estándar de Colombia),,ACTIVA,1213,809,,,,,,,,,1,CEDULA
689,238,253,24,15,38,2,Wed Jul 29 2026 00:00:00 GMT-0500 (hora estándar de Colombia),,ACTIVA,,,3,8,9,5,,,,,1,CEDULA
690,1138,1472,24,15,38,2,Wed Jul 29 2026 00:00:00 GMT-0500 (hora estándar de Colombia),,ACTIVA,,,5,9,219,5,,,,,1,CEDULA
691,1139,1473,24,15,38,2,Wed Jul 29 2026 00:00:00 GMT-0500 (hora estándar de Colombia),,ACTIVA,,,6,8,220,6,,,,,1,CEDULA
692,1140,1474,24,15,38,4,Wed Jul 29 2026 00:00:00 GMT-0500 (hora estándar de Colombia),,ACTIVA,,,7,7,221,6,,,,,1,CEDULA
693,1141,1475,24,15,38,2,Wed Jul 29 2026 00:00:00 GMT-0500 (hora estándar de Colombia),,ACTIVA,,,8,10,222,4,,,,,1,CEDULA
694,1142,1476,24,15,38,2,Wed Jul 29 2026 00:00:00 GMT-0500 (hora estándar de Colombia),,ACTIVA,,,9,10,223,4,,,,,1,CEDULA
695,1143,1477,24,15,38,2,Wed Jul 29 2026 00:00:00 GMT-0500 (hora estándar de Colombia),,ACTIVA,,,10,6,224,4,,,,,1,CEDULA
696,1144,1478,24,15,38,2,Wed Apr 15 2026 00:00:00 GMT-0500 (hora estándar de Colombia),,ACTIVA,,,11,10,225,4,,,,,1,CEDULA
697,1145,1479,24,15,38,2,Wed Jul 29 2026 00:00:00 GMT-0500 (hora estándar de Colombia),,ACTIVA,,,12,10,226,4,,,,,1,CEDULA
698,1146,1480,24,15,38,2,Wed Jul 29 2026 00:00:00 GMT-0500 (hora estándar de Colombia),,ACTIVA,,,13,10,227,4,,,,,1,CEDULA
699,1147,1481,24,15,38,2,Wed Jul 29 2026 00:00:00 GMT-0500 (hora estándar de Colombia),,ACTIVA,,,14,6,228,4,,,,,1,CEDULA
700,1148,1482,24,15,38,2,Wed Jul 29 2026 00:00:00 GMT-0500 (hora estándar de Colombia),,ACTIVA,,,15,10,229,4,,,,,1,CEDULA
701,1149,1483,24,15,38,2,Wed Jul 29 2026 00:00:00 GMT-0500 (hora estándar de Colombia),,ACTIVA,,,16,10,230,4,,,,,1,CEDULA
702,1150,1484,24,15,38,2,Wed Jul 29 2026 00:00:00 GMT-0500 (hora estándar de Colombia),,ACTIVA,,,17,10,231,4,,,,,1,CEDULA
703,1151,1485,24,15,38,2,Wed Jul 29 2026 00:00:00 GMT-0500 (hora estándar de Colombia),,ACTIVA,,,18,10,232,4,,,,,1,CEDULA
704,1152,1486,24,15,38,2,Wed Jul 29 2026 00:00:00 GMT-0500 (hora estándar de Colombia),,ACTIVA,,,19,10,233,4,,,,,1,CEDULA
705,1153,1487,24,15,37,4,Wed Jul 29 2026 00:00:00 GMT-0500 (hora estándar de Colombia),,ACTIVA,,,20,4,234,4,,,,,1,CEDULA
706,1154,1488,24,15,38,2,Wed Jul 29 2026 00:00:00 GMT-0500 (hora estándar de Colombia),,ACTIVA,,,21,6,235,4,,,,,1,CEDULA
707,1155,1489,24,15,38,2,Wed Jul 29 2026 00:00:00 GMT-0500 (hora estándar de Colombia),,ACTIVA,,,22,10,236,4,,,,,1,CEDULA
708,1156,1490,24,15,38,2,Wed Jul 29 2026 00:00:00 GMT-0500 (hora estándar de Colombia),,ACTIVA,,,23,10,237,4,,,,,1,CEDULA
709,1157,1491,24,15,38,2,Wed Jul 29 2026 00:00:00 GMT-0500 (hora estándar de Colombia),,ACTIVA,,,24,10,238,4,,,,,1,CEDULA
710,1158,1492,24,15,38,2,Wed Jul 29 2026 00:00:00 GMT-0500 (hora estándar de Colombia),,ACTIVA,,,25,10,239,4,,,,,1,CEDULA
711,1159,1493,24,15,37,4,Wed Jul 29 2026 00:00:00 GMT-0500 (hora estándar de Colombia),,ACTIVA,,,26,4,240,2,,,,,1,CEDULA
712,1160,1494,24,15,37,4,Wed Jul 29 2026 00:00:00 GMT-0500 (hora estándar de Colombia),,ACTIVA,,,27,4,,,,,,,1,CEDULA
713,1161,1495,24,15,37,1,Wed Jul 29 2026 00:00:00 GMT-0500 (hora estándar de Colombia),Mon Nov 30 2026 00:00:00 GMT-0500 (hora estándar de Colombia),ACTIVA,,,28,1,,,,,,,1,CEDULA
714,1162,1496,24,15,38,2,Wed Jul 29 2026 00:00:00 GMT-0500 (hora estándar de Colombia),,ACTIVA,,,29,10,,,,,,,1,CEDULA
715,239,255,24,15,37,2,Wed Jul 29 2026 00:00:00 GMT-0500 (hora estándar de Colombia),,ACTIVA,,,4,1,,,,,,,50,PPT
716,1163,1497,24,15,38,2,Wed Jul 29 2026 00:00:00 GMT-0500 (hora estándar de Colombia),,ACTIVA,,,30,9,241,3,,,,,1,CEDULA
717,1164,1498,24,15,37,1,Wed Jul 29 2026 00:00:00 GMT-0500 (hora estándar de Colombia),Mon Nov 30 2026 00:00:00 GMT-0500 (hora estándar de Colombia),ACTIVA,,,31,2,,,,,,,1,CEDULA
718,1165,1499,24,15,37,4,Wed Jul 29 2026 00:00:00 GMT-0500 (hora estándar de Colombia),,ACTIVA,,,32,4,242,2,,,,,1,CEDULA
719,1166,1500,24,15,38,2,Wed Jul 29 2026 00:00:00 GMT-0500 (hora estándar de Colombia),,ACTIVA,,,33,10,,,,,,,1,CEDULA
720,1167,1501,24,15,37,4,Wed Jul 29 2026 00:00:00 GMT-0500 (hora estándar de Colombia),,ACTIVA,,,34,5,243,2,,,,,1,CEDULA
721,1168,1502,24,15,37,4,Wed Jul 29 2026 00:00:00 GMT-0500 (hora estándar de Colombia),,ACTIVA,,,35,4,244,2,,,,,1,CEDULA
722,1169,1503,24,15,37,2,Wed Jul 29 2026 00:00:00 GMT-0500 (hora estándar de Colombia),,ACTIVA,,,36,2,,,,,,,1,CEDULA
723,1170,1504,24,15,37,2,Wed Jul 29 2026 00:00:00 GMT-0500 (hora estándar de Colombia),,ACTIVA,,,37,2,,,,,,,1,CEDULA
724,1171,1505,24,15,37,4,Wed Jul 29 2026 00:00:00 GMT-0500 (hora estándar de Colombia),,ACTIVA,,,38,4,245,2,,,,,1,CEDULA
725,1172,1506,24,15,38,2,Wed Jul 29 2026 00:00:00 GMT-0500 (hora estándar de Colombia),,ACTIVA,,,39,12,246,3,,,,,1,CEDULA
726,1173,1507,24,15,37,2,Wed Jul 29 2026 00:00:00 GMT-0500 (hora estándar de Colombia),,ACTIVA,,,40,2,,,,,,,1,CEDULA
727,1174,1508,24,15,37,4,Wed Jul 29 2026 00:00:00 GMT-0500 (hora estándar de Colombia),,ACTIVA,,,41,5,247,2,,,,,1,CEDULA
728,1175,1509,24,15,37,2,Wed Jul 29 2026 00:00:00 GMT-0500 (hora estándar de Colombia),,ACTIVA,,,42,3,,,,,,,1,CEDULA
729,1176,1510,24,15,38,2,Wed Jul 29 2026 00:00:00 GMT-0500 (hora estándar de Colombia),,ACTIVA,,,43,10,248,2,,,,,1,CEDULA
730,1177,1511,24,15,37,2,Wed Jul 29 2026 00:00:00 GMT-0500 (hora estándar de Colombia),,ACTIVA,,,44,1,249,2,,,,,1,CEDULA
731,1178,1512,24,15,37,2,Wed Jul 29 2026 00:00:00 GMT-0500 (hora estándar de Colombia),,ACTIVA,,,45,1,,,,,,,1,CEDULA
732,1179,1513,24,15,37,2,Wed Jul 29 2026 00:00:00 GMT-0500 (hora estándar de Colombia),,ACTIVA,,,46,1,250,2,,,,,1,CEDULA
733,1180,1514,24,15,37,4,Wed Jul 29 2026 00:00:00 GMT-0500 (hora estándar de Colombia),,ACTIVA,,,47,5,251,2,,,,,1,CEDULA
734,1181,1515,24,15,37,2,Wed Jul 29 2026 00:00:00 GMT-0500 (hora estándar de Colombia),,ACTIVA,,,48,1,252,2,,,,,1,CEDULA
735,1182,1516,24,15,37,4,Wed Jul 29 2026 00:00:00 GMT-0500 (hora estándar de Colombia),,ACTIVA,,,49,4,,,,,,,1,CEDULA
736,1183,1517,24,15,37,4,Wed Jul 29 2026 00:00:00 GMT-0500 (hora estándar de Colombia),,ACTIVA,,,50,4,253,2,,,,,1,CEDULA
737,1184,1518,24,15,37,1,Wed Jul 29 2026 00:00:00 GMT-0500 (hora estándar de Colombia),Mon Nov 30 2026 00:00:00 GMT-0500 (hora estándar de Colombia),ACTIVA,,,51,2,,,,,,,1,CEDULA
738,1185,1519,24,15,37,1,Wed Jul 29 2026 00:00:00 GMT-0500 (hora estándar de Colombia),Mon Nov 30 2026 00:00:00 GMT-0500 (hora estándar de Colombia),ACTIVA,,,52,2,,,,,,,1,CEDULA
739,1186,1520,24,15,37,2,Wed Jul 29 2026 00:00:00 GMT-0500 (hora estándar de Colombia),,ACTIVA,,,53,1,,,,,,,1,CEDULA
740,230,1521,24,15,38,2,Wed Jul 29 2026 00:00:00 GMT-0500 (hora estándar de Colombia),,ACTIVA,,,,,,,,,,,1,CEDULA
741,1187,1522,24,15,38,2,Wed Jul 29 2026 00:00:00 GMT-0500 (hora estándar de Colombia),,ACTIVA,,,54,13,,,,,,,1,CEDULA
742,1188,1523,24,15,37,1,Wed Jul 29 2026 00:00:00 GMT-0500 (hora estándar de Colombia),Mon Nov 30 2026 00:00:00 GMT-0500 (hora estándar de Colombia),ACTIVA,,,55,2,,,,,,,1,CEDULA
743,1189,1524,24,15,38,2,Wed Jul 29 2026 00:00:00 GMT-0500 (hora estándar de Colombia),,ACTIVA,,,56,6,,,,,,,1,CEDULA
744,1190,1525,24,15,38,2,Wed Jul 29 2026 00:00:00 GMT-0500 (hora estándar de Colombia),,ACTIVA,,,57,6,254,3,,,,,1,CEDULA
745,1191,1526,24,15,37,2,Wed Jul 29 2026 00:00:00 GMT-0500 (hora estándar de Colombia),,ACTIVA,,,58,1,255,2,,,,,1,CEDULA
746,1192,1527,24,15,38,2,Wed Jul 29 2026 00:00:00 GMT-0500 (hora estándar de Colombia),,ACTIVA,,,59,10,,,,,,,1,CEDULA
747,1193,1528,24,15,38,2,Wed Jul 29 2026 00:00:00 GMT-0500 (hora estándar de Colombia),,ACTIVA,,,60,7,256,2,,,,,1,CEDULA
748,1194,1529,24,15,37,2,Wed Jul 29 2026 00:00:00 GMT-0500 (hora estándar de Colombia),,ACTIVA,,,61,2,257,2,,,,,1,CEDULA
749,1195,1530,24,15,38,2,Wed Jul 29 2026 00:00:00 GMT-0500 (hora estándar de Colombia),,ACTIVA,,,62,11,,,,,,,1,CEDULA
750,1196,1531,24,15,37,4,Wed Jul 29 2026 00:00:00 GMT-0500 (hora estándar de Colombia),,ACTIVA,,,63,4,258,2,,,,,1,CEDULA
751,1197,1532,24,15,38,2,Wed Jul 29 2026 00:00:00 GMT-0500 (hora estándar de Colombia),,ACTIVA,,,64,11,259,3,,,,,1,CEDULA
752,1198,1533,24,15,38,2,Wed Jul 29 2026 00:00:00 GMT-0500 (hora estándar de Colombia),,ACTIVA,,,65,10,260,3,,,,,1,CEDULA
753,1199,1534,24,15,37,1,Wed Jul 29 2026 00:00:00 GMT-0500 (hora estándar de Colombia),Mon Nov 30 2026 00:00:00 GMT-0500 (hora estándar de Colombia),ACTIVA,,,66,2,,,,,,,1,CEDULA
754,1200,1535,24,15,37,2,Wed Jul 29 2026 00:00:00 GMT-0500 (hora estándar de Colombia),,ACTIVA,,,67,1,261,2,,,,,1,CEDULA
755,1201,1536,24,15,38,2,Wed Jul 29 2026 00:00:00 GMT-0500 (hora estándar de Colombia),,ACTIVA,,,68,10,262,3,,,,,1,CEDULA
756,1202,1537,24,15,38,2,Wed Jul 29 2026 00:00:00 GMT-0500 (hora estándar de Colombia),,ACTIVA,,,69,10,263,2,,,,,1,CEDULA
757,1203,1538,24,15,37,2,Wed Jul 29 2026 00:00:00 GMT-0500 (hora estándar de Colombia),,ACTIVA,,,70,2,,,,,,,1,CEDULA
758,1204,1539,24,15,37,4,Wed Jul 29 2026 00:00:00 GMT-0500 (hora estándar de Colombia),,ACTIVA,,,71,4,264,2,,,,,1,CEDULA
759,1205,1540,24,15,37,2,Wed Jul 29 2026 00:00:00 GMT-0500 (hora estándar de Colombia),,ACTIVA,,,72,1,265,3,,,,,1,CEDULA
760,1206,1541,24,15,37,2,Wed Jul 29 2026 00:00:00 GMT-0500 (hora estándar de Colombia),,ACTIVA,,,73,1,266,2,,,,,1,CEDULA
761,1207,1542,24,15,37,4,Wed Jul 29 2026 00:00:00 GMT-0500 (hora estándar de Colombia),,ACTIVA,,,74,5,,,,,,,1,CEDULA
762,1208,1543,24,15,38,2,Wed Jul 29 2026 00:00:00 GMT-0500 (hora estándar de Colombia),,ACTIVA,,,75,11,267,3,,,,,1,CEDULA
763,1209,1544,24,15,37,4,Wed Jul 29 2026 00:00:00 GMT-0500 (hora estándar de Colombia),,ACTIVA,,,76,4,268,2,,,,,1,CEDULA
764,1210,1545,24,15,38,2,Wed Jul 29 2026 00:00:00 GMT-0500 (hora estándar de Colombia),,ACTIVA,,,77,12,,,,,,,1,CEDULA
765,1211,1546,24,15,38,2,Wed Jul 29 2026 00:00:00 GMT-0500 (hora estándar de Colombia),,ACTIVA,,,78,11,269,3,,,,,1,CEDULA
766,1212,1547,24,15,38,2,Wed Jul 29 2026 00:00:00 GMT-0500 (hora estándar de Colombia),,ACTIVA,,,79,7,,,,,,,1,CEDULA
767,1213,1548,24,15,38,2,Wed Jul 29 2026 00:00:00 GMT-0500 (hora estándar de Colombia),,ACTIVA,,,80,11,,,,,,,1,CEDULA
768,1214,1549,24,15,38,2,Wed Jul 29 2026 00:00:00 GMT-0500 (hora estándar de Colombia),,ACTIVA,,,81,11,,,,,,,1,CEDULA
769,1215,1550,24,15,38,2,Wed Jul 29 2026 00:00:00 GMT-0500 (hora estándar de Colombia),,ACTIVA,,,82,10,,,,,,,1,CEDULA
770,1216,1551,24,15,38,2,Wed Jul 29 2026 00:00:00 GMT-0500 (hora estándar de Colombia),,ACTIVA,,,83,10,,,,,,,1,CEDULA
771,1217,1552,24,15,38,2,Wed Jul 29 2026 00:00:00 GMT-0500 (hora estándar de Colombia),,ACTIVA,,,84,10,,,,,,,1,CEDULA
772,1218,1553,24,15,37,2,Wed Apr 15 2026 00:00:00 GMT-0500 (hora estándar de Colombia),,ACTIVA,,,85,1,,,,,,,1,CEDULA
773,1219,1554,24,15,38,2,Wed Aug 19 2026 00:00:00 GMT-0500 (hora estándar de Colombia),,ACTIVA,,,86,10,,,,,,,1,CEDULA
